,ids
0,"['zYq3AMWqa3', 'fBMVMwy2D-', '9cQPkJ5fnG', 'fnT6pXzKP0']"
1,"['Wl9jQDY1wS', 'azMUK48QID', 'JH2cy8MSbn', '9cQPkJ5fnG', 'fnT6pXzKP0']"
2,"['WOuYvLGP7w', 'zVFa1VsDLp', 'o_gtwodUHF', '9cQPkJ5fnG', 'fnT6pXzKP0']"
3,"['JvHD1bTkT2', '3jMpIejkr7', 'hafuP76NWY', '9cQPkJ5fnG', 'fnT6pXzKP0']"
4,"['hafuP76NWY', 'azMUK48QID', '_ihvY2cxEF', '9cQPkJ5fnG', 'fnT6pXzKP0']"
5,"['iDgq32JgbD', 'WOuYvLGP7w', '7ipw2-n6el', '9cQPkJ5fnG', 'fnT6pXzKP0']"
6,"['JH2cy8MSbn', '_ihvY2cxEF', 'iDgq32JgbD', '9cQPkJ5fnG', 'fnT6pXzKP0']"
7,"['R746hjRC8R', 'o_gtwodUHF', 'zYq3AMWqa3', '9cQPkJ5fnG', 'fnT6pXzKP0']"
8,"['R746hjRC8R', 'azMUK48QID', 'J5k54tgIUo', '9cQPkJ5fnG', 'fnT6pXzKP0']"
9,"['rMgYwgmWs9', 'xIsL3vy9jX', 'WOuYvLGP7w', '9cQPkJ5fnG', 'fnT6pXzKP0']"
10,"['tMe6_pOiUb', 'JvHD1bTkT2', 'zYq3AMWqa3', '9cQPkJ5fnG', 'fnT6pXzKP0']"
11,"['CgsU6O-TeU', 'xIsL3vy9jX', 'zVFa1VsDLp', '9cQPkJ5fnG', 'fnT6pXzKP0']"
12,"['_E-ZKGwRlt', 'fnT6pXzKP0', '9cQPkJ5fnG']"
13,"['tMe6_pOiUb', 'S-eaVUdShM', '0GUxcnNKTr', '9cQPkJ5fnG', 'fnT6pXzKP0']"
14,"['X8tcuAiPKf', 'azMUK48QID', 'CS9fWn1prj', '9cQPkJ5fnG', 'fnT6pXzKP0']"
15,"['Wl9jQDY1wS', '0GUxcnNKTr', 'sF4-20cYQc', '9cQPkJ5fnG', 'fnT6pXzKP0']"
16,"['X8tcuAiPKf', 'azMUK48QID', 'JH2cy8MSbn', '9cQPkJ5fnG', 'fnT6pXzKP0']"
17,"['9cQPkJ5fnG', 'CgsU6O-TeU', 'yUyax0IZdV', 'fnT6pXzKP0']"
18,"['zYq3AMWqa3', '00Z8IjaDD3', 'a-IMJ6FywW', '9cQPkJ5fnG', 'fnT6pXzKP0']"
19,"['rMgYwgmWs9', '0GUxcnNKTr', 'CS9fWn1prj', '9cQPkJ5fnG', 'fnT6pXzKP0']"
20,"['fBMVMwy2D-', 'sF4-20cYQc', 'CS9fWn1prj', '9cQPkJ5fnG', 'fnT6pXzKP0']"
21,"['QZHcgsdTrp', '_E-ZKGwRlt', '4YLG29WuoD', '9cQPkJ5fnG', 'fnT6pXzKP0']"
22,"['AtfxNCsTNK', 'Drdwc2G0QW', '-lhzFPNmw3', '9cQPkJ5fnG', 'fnT6pXzKP0']"
23,"['G_IiU9GZQc', 'lrwvdH2JxR', 'yUyax0IZdV', '9cQPkJ5fnG', 'fnT6pXzKP0']"
24,"['tMe6_pOiUb', 'azMUK48QID', 'lrwvdH2JxR', '9cQPkJ5fnG', 'fnT6pXzKP0']"
25,"['rMgYwgmWs9', 'zYq3AMWqa3', '3jMpIejkr7', '9cQPkJ5fnG', 'fnT6pXzKP0']"
26,"['a-IMJ6FywW', 'azMUK48QID', 'iDgq32JgbD', '9cQPkJ5fnG', 'fnT6pXzKP0']"
27,"['o_gtwodUHF', 'rMgYwgmWs9', 'IA35bodmUU', '9cQPkJ5fnG', 'fnT6pXzKP0']"
28,"['-lhzFPNmw3', '0GUxcnNKTr', 'S-eaVUdShM', '9cQPkJ5fnG', 'fnT6pXzKP0']"
29,"['zVFa1VsDLp', 'S-eaVUdShM', '00Z8IjaDD3', '9cQPkJ5fnG', 'fnT6pXzKP0']"
30,"['_E-ZKGwRlt', 'R746hjRC8R', 'tMe6_pOiUb', '9cQPkJ5fnG', 'fnT6pXzKP0']"
31,"['o_gtwodUHF', '9cQPkJ5fnG', 'G_IiU9GZQc', 'fnT6pXzKP0']"
32,"['xIsL3vy9jX', 'CgsU6O-TeU', 'zYq3AMWqa3', '9cQPkJ5fnG', 'fnT6pXzKP0']"
33,"['JH2cy8MSbn', 'CgsU6O-TeU', '_ihvY2cxEF', '9cQPkJ5fnG', 'fnT6pXzKP0']"
34,"['4YLG29WuoD', 'X8tcuAiPKf', 'J7hVRECgEm', '9cQPkJ5fnG', 'fnT6pXzKP0']"
35,"['sF4-20cYQc', '7ipw2-n6el', 'kuN1yq6RR4', '9cQPkJ5fnG', 'fnT6pXzKP0']"
36,"['JvHD1bTkT2', 'G_IiU9GZQc', '00Z8IjaDD3', '9cQPkJ5fnG', 'fnT6pXzKP0']"
37,"['G_IiU9GZQc', 'Wl9jQDY1wS', 'CiXDjEv0vN', '9cQPkJ5fnG', 'fnT6pXzKP0']"
38,"['Wl9jQDY1wS', 'JH2cy8MSbn', 'CgsU6O-TeU', '9cQPkJ5fnG', 'fnT6pXzKP0']"
39,"['lrwvdH2JxR', 'JH2cy8MSbn', 'zVFa1VsDLp', '9cQPkJ5fnG', 'fnT6pXzKP0']"
40,"['QZHcgsdTrp', 'azMUK48QID', 'WHJg9afebE', '9cQPkJ5fnG', 'fnT6pXzKP0']"
41,"['QZHcgsdTrp', '7ipw2-n6el', 'CS9fWn1prj', '9cQPkJ5fnG', 'fnT6pXzKP0']"
42,"['iDgq32JgbD', 'JvHD1bTkT2', 'J7hVRECgEm', '9cQPkJ5fnG', 'fnT6pXzKP0']"
43,"['sF4-20cYQc', 'OeDgiWB5d0', 'WOuYvLGP7w', '9cQPkJ5fnG', 'fnT6pXzKP0']"
44,"['G_IiU9GZQc', 'J5k54tgIUo', 'sF4-20cYQc', '9cQPkJ5fnG', 'fnT6pXzKP0']"
45,"['hafuP76NWY', 'A7y3--teGu', '9cQPkJ5fnG', 'fnT6pXzKP0']"
46,"['o_gtwodUHF', 'iDgq32JgbD', '9cQPkJ5fnG', 'fnT6pXzKP0']"
47,"['Drdwc2G0QW', 'X8tcuAiPKf', 'CS9fWn1prj', '9cQPkJ5fnG', 'fnT6pXzKP0']"
48,"['fBMVMwy2D-', 'A7y3--teGu', 'CgsU6O-TeU', '9cQPkJ5fnG', 'fnT6pXzKP0']"
49,"['-lhzFPNmw3', 'tMe6_pOiUb', 'J5k54tgIUo', '9cQPkJ5fnG', 'fnT6pXzKP0']"
50,"['WHJg9afebE', 'QZHcgsdTrp', '9cQPkJ5fnG', 'fnT6pXzKP0']"
51,"['P45PakP_Xs', 'o_gtwodUHF', 'CiXDjEv0vN', '9cQPkJ5fnG', 'fnT6pXzKP0']"
52,"['zVFa1VsDLp', '3jMpIejkr7', 'P45PakP_Xs', '9cQPkJ5fnG', 'fnT6pXzKP0']"
53,"['yUyax0IZdV', '_ihvY2cxEF', '9cQPkJ5fnG', 'fnT6pXzKP0']"
54,"['P45PakP_Xs', 'zVFa1VsDLp', 'sF4-20cYQc', '9cQPkJ5fnG', 'fnT6pXzKP0']"
55,"['JvHD1bTkT2', 'CS9fWn1prj', 'rMgYwgmWs9', '9cQPkJ5fnG', 'fnT6pXzKP0']"
56,"['G_IiU9GZQc', 'P45PakP_Xs', 'UKoQtfX4un', '9cQPkJ5fnG', 'fnT6pXzKP0']"
57,"['yUyax0IZdV', 'CS9fWn1prj', '_E-ZKGwRlt', '9cQPkJ5fnG', 'fnT6pXzKP0']"
58,"['yUyax0IZdV', 'azMUK48QID', 'kuN1yq6RR4', '9cQPkJ5fnG', 'fnT6pXzKP0']"
59,"['OeDgiWB5d0', 'G_IiU9GZQc', 'JH2cy8MSbn', '9cQPkJ5fnG', 'fnT6pXzKP0']"
60,"['0GUxcnNKTr', 'UKoQtfX4un', 'kuN1yq6RR4', '9cQPkJ5fnG', 'fnT6pXzKP0']"
61,"['CgsU6O-TeU', 'a-IMJ6FywW', '0GUxcnNKTr', '9cQPkJ5fnG', 'fnT6pXzKP0']"
62,"['zYq3AMWqa3', 'G_IiU9GZQc', 'hafuP76NWY', '9cQPkJ5fnG', 'fnT6pXzKP0']"
63,"['xIsL3vy9jX', 'JH2cy8MSbn', 'sF4-20cYQc', '9cQPkJ5fnG', 'fnT6pXzKP0']"
64,"['9cQPkJ5fnG', 'zYq3AMWqa3', '0GUxcnNKTr', 'fnT6pXzKP0']"
65,"['_E-ZKGwRlt', 'zYq3AMWqa3', 'hafuP76NWY', '9cQPkJ5fnG', 'fnT6pXzKP0']"
66,"['CS9fWn1prj', '3jMpIejkr7', '_E-ZKGwRlt', '9cQPkJ5fnG', 'fnT6pXzKP0']"
67,"['A7y3--teGu', 'lrwvdH2JxR', 'zVFa1VsDLp', '9cQPkJ5fnG', 'fnT6pXzKP0']"
68,"['CgsU6O-TeU', '00Z8IjaDD3', '_ihvY2cxEF', '9cQPkJ5fnG', 'fnT6pXzKP0']"
69,"['QZHcgsdTrp', 'fBMVMwy2D-', '3jMpIejkr7', '9cQPkJ5fnG', 'fnT6pXzKP0']"
70,"['UKoQtfX4un', 'CiXDjEv0vN', 'QZHcgsdTrp', '9cQPkJ5fnG', 'fnT6pXzKP0']"
71,"['IA35bodmUU', 'lrwvdH2JxR', 'fBMVMwy2D-', '9cQPkJ5fnG', 'fnT6pXzKP0']"
72,"['G_IiU9GZQc', 'Wl9jQDY1wS', '9cQPkJ5fnG', 'fnT6pXzKP0']"
73,"['rV7Pw3purQ', 'G_IiU9GZQc', 'JvHD1bTkT2', '9cQPkJ5fnG', 'fnT6pXzKP0']"
74,"['AtfxNCsTNK', 'a-IMJ6FywW', '9cQPkJ5fnG', 'fnT6pXzKP0']"
75,"['fBMVMwy2D-', 'J5k54tgIUo', '_ihvY2cxEF', '9cQPkJ5fnG', 'fnT6pXzKP0']"
76,"['9cQPkJ5fnG', 'Wl9jQDY1wS', '_ihvY2cxEF', 'fnT6pXzKP0']"
77,"['zYq3AMWqa3', '9cQPkJ5fnG', 'Wl9jQDY1wS', 'fnT6pXzKP0']"
78,"['lrwvdH2JxR', 'A7y3--teGu', 'Wl9jQDY1wS', '9cQPkJ5fnG', 'fnT6pXzKP0']"
79,"['lrwvdH2JxR', '9cQPkJ5fnG', 'rV7Pw3purQ', 'fnT6pXzKP0']"
80,"['IA35bodmUU', '00Z8IjaDD3', 'Wl9jQDY1wS', '9cQPkJ5fnG', 'fnT6pXzKP0']"
81,"['CiXDjEv0vN', 'X8tcuAiPKf', '0GUxcnNKTr', '9cQPkJ5fnG', 'fnT6pXzKP0']"
82,"['X8tcuAiPKf', 'J7hVRECgEm', '0GUxcnNKTr', '9cQPkJ5fnG', 'fnT6pXzKP0']"
83,"['Wl9jQDY1wS', 'iDgq32JgbD', 'azMUK48QID', '9cQPkJ5fnG', 'fnT6pXzKP0']"
84,"['AtfxNCsTNK', 'UKoQtfX4un', 'X8tcuAiPKf', '9cQPkJ5fnG', 'fnT6pXzKP0']"
85,"['JvHD1bTkT2', 'zVFa1VsDLp', 'A7y3--teGu', '9cQPkJ5fnG', 'fnT6pXzKP0']"
86,"['UKoQtfX4un', '-lhzFPNmw3', '00Z8IjaDD3', '9cQPkJ5fnG', 'fnT6pXzKP0']"
87,"['3jMpIejkr7', 'WHJg9afebE', 'WOuYvLGP7w', '9cQPkJ5fnG', 'fnT6pXzKP0']"
88,"['3jMpIejkr7', 'tMe6_pOiUb', '_ihvY2cxEF', '9cQPkJ5fnG', 'fnT6pXzKP0']"
89,"['Drdwc2G0QW', 'fBMVMwy2D-', 'azMUK48QID', '9cQPkJ5fnG', 'fnT6pXzKP0']"
90,"['00Z8IjaDD3', 'QZHcgsdTrp', 'Wl9jQDY1wS', '9cQPkJ5fnG', 'fnT6pXzKP0']"
91,"['J5k54tgIUo', 'fBMVMwy2D-', '9cQPkJ5fnG', 'fnT6pXzKP0']"
92,"['00Z8IjaDD3', 'J5k54tgIUo', '0GUxcnNKTr', '9cQPkJ5fnG', 'fnT6pXzKP0']"
93,"['3jMpIejkr7', 'X8tcuAiPKf', 'hafuP76NWY', '9cQPkJ5fnG', 'fnT6pXzKP0']"
94,"['zYq3AMWqa3', 'tMe6_pOiUb', 'S-eaVUdShM', '9cQPkJ5fnG', 'fnT6pXzKP0']"
95,"['rV7Pw3purQ', 'WOuYvLGP7w', 'QZHcgsdTrp', '9cQPkJ5fnG', 'fnT6pXzKP0']"
96,"['xIsL3vy9jX', 'CS9fWn1prj', 'A7y3--teGu', '9cQPkJ5fnG', 'fnT6pXzKP0']"
97,"['AtfxNCsTNK', 'WOuYvLGP7w', 'zYq3AMWqa3', '9cQPkJ5fnG', 'fnT6pXzKP0']"
98,"['G_IiU9GZQc', 'fnT6pXzKP0', 'iDgq32JgbD', '9cQPkJ5fnG']"
99,"['xIsL3vy9jX', 'Wl9jQDY1wS', '0GUxcnNKTr', '9cQPkJ5fnG', 'fnT6pXzKP0']"
100,"['xIsL3vy9jX', 'CS9fWn1prj', 'G_IiU9GZQc', '9cQPkJ5fnG', 'fnT6pXzKP0']"
101,"['WOuYvLGP7w', 'CS9fWn1prj', 'fBMVMwy2D-', '9cQPkJ5fnG', 'fnT6pXzKP0']"
102,"['AtfxNCsTNK', 'tMe6_pOiUb', 'hafuP76NWY', '9cQPkJ5fnG', 'fnT6pXzKP0']"
103,"['P45PakP_Xs', 'xIsL3vy9jX', 'rMgYwgmWs9', '9cQPkJ5fnG', 'fnT6pXzKP0']"
104,"['xIsL3vy9jX', 'hafuP76NWY', 'fBMVMwy2D-', '9cQPkJ5fnG', 'fnT6pXzKP0']"
105,"['9cQPkJ5fnG', 'QZHcgsdTrp', '_ihvY2cxEF', 'fnT6pXzKP0']"
106,"['Wl9jQDY1wS', 'CS9fWn1prj', '9cQPkJ5fnG', 'fnT6pXzKP0']"
107,"['X8tcuAiPKf', 'R746hjRC8R', 'Wl9jQDY1wS', '9cQPkJ5fnG', 'fnT6pXzKP0']"
108,"['3jMpIejkr7', 'kuN1yq6RR4', 'iDgq32JgbD', '9cQPkJ5fnG', 'fnT6pXzKP0']"
109,"['CS9fWn1prj', 'JvHD1bTkT2', 'UKoQtfX4un', '9cQPkJ5fnG', 'fnT6pXzKP0']"
110,"['S-eaVUdShM', 'azMUK48QID', 'G_IiU9GZQc', '9cQPkJ5fnG', 'fnT6pXzKP0']"
111,"['iDgq32JgbD', '4YLG29WuoD', '9cQPkJ5fnG', 'fnT6pXzKP0']"
112,"['azMUK48QID', 'yUyax0IZdV', 'CS9fWn1prj', '9cQPkJ5fnG', 'fnT6pXzKP0']"
113,"['X8tcuAiPKf', 'A7y3--teGu', '9cQPkJ5fnG', 'fnT6pXzKP0']"
114,"['QZHcgsdTrp', 'R746hjRC8R', 'IA35bodmUU', '9cQPkJ5fnG', 'fnT6pXzKP0']"
115,"['A7y3--teGu', 'hafuP76NWY', 'R746hjRC8R', '9cQPkJ5fnG', 'fnT6pXzKP0']"
116,"['rV7Pw3purQ', 'G_IiU9GZQc', 'J5k54tgIUo', '9cQPkJ5fnG', 'fnT6pXzKP0']"
117,"['yUyax0IZdV', 'A7y3--teGu', 'xIsL3vy9jX', '9cQPkJ5fnG', 'fnT6pXzKP0']"
118,"['Drdwc2G0QW', 'IA35bodmUU', 'QZHcgsdTrp', '9cQPkJ5fnG', 'fnT6pXzKP0']"
119,"['kuN1yq6RR4', '9cQPkJ5fnG', '_E-ZKGwRlt', 'fnT6pXzKP0']"
120,"['_E-ZKGwRlt', 'yUyax0IZdV', 'A7y3--teGu', '9cQPkJ5fnG', 'fnT6pXzKP0']"
121,"['7ipw2-n6el', 'WHJg9afebE', 'zYq3AMWqa3', '9cQPkJ5fnG', 'fnT6pXzKP0']"
122,"['G_IiU9GZQc', '9cQPkJ5fnG', 'JH2cy8MSbn', 'fnT6pXzKP0']"
123,"['WHJg9afebE', 'iDgq32JgbD', 'zYq3AMWqa3', '9cQPkJ5fnG', 'fnT6pXzKP0']"
124,"['X8tcuAiPKf', 'IA35bodmUU', 'a-IMJ6FywW', '9cQPkJ5fnG', 'fnT6pXzKP0']"
125,"['JvHD1bTkT2', 'CiXDjEv0vN', 'a-IMJ6FywW', '9cQPkJ5fnG', 'fnT6pXzKP0']"
126,"['WOuYvLGP7w', 'fBMVMwy2D-', 'JvHD1bTkT2', '9cQPkJ5fnG', 'fnT6pXzKP0']"
127,"['CiXDjEv0vN', 'lrwvdH2JxR', 'rV7Pw3purQ', '9cQPkJ5fnG', 'fnT6pXzKP0']"
128,"['yUyax0IZdV', 'JH2cy8MSbn', 'kuN1yq6RR4', '9cQPkJ5fnG', 'fnT6pXzKP0']"
129,"['R746hjRC8R', 'kuN1yq6RR4', 'S-eaVUdShM', '9cQPkJ5fnG', 'fnT6pXzKP0']"
130,"['rV7Pw3purQ', 'zYq3AMWqa3', 'UKoQtfX4un', '9cQPkJ5fnG', 'fnT6pXzKP0']"
131,"['IA35bodmUU', 'R746hjRC8R', 'o_gtwodUHF', '9cQPkJ5fnG', 'fnT6pXzKP0']"
132,"['J7hVRECgEm', '3jMpIejkr7', '-lhzFPNmw3', '9cQPkJ5fnG', 'fnT6pXzKP0']"
133,"['-lhzFPNmw3', 'lrwvdH2JxR', 'P45PakP_Xs', '9cQPkJ5fnG', 'fnT6pXzKP0']"
134,"['zVFa1VsDLp', 'S-eaVUdShM', 'tMe6_pOiUb', '9cQPkJ5fnG', 'fnT6pXzKP0']"
135,"['0GUxcnNKTr', 'CiXDjEv0vN', 'JvHD1bTkT2', '9cQPkJ5fnG', 'fnT6pXzKP0']"
136,"['a-IMJ6FywW', 'CS9fWn1prj', 'fBMVMwy2D-', '9cQPkJ5fnG', 'fnT6pXzKP0']"
137,"['_E-ZKGwRlt', 'P45PakP_Xs', 'J7hVRECgEm', '9cQPkJ5fnG', 'fnT6pXzKP0']"
138,"['_E-ZKGwRlt', 'UKoQtfX4un', '4YLG29WuoD', '9cQPkJ5fnG', 'fnT6pXzKP0']"
139,"['J5k54tgIUo', 'a-IMJ6FywW', 'AtfxNCsTNK', '9cQPkJ5fnG', 'fnT6pXzKP0']"
140,"['WOuYvLGP7w', '4YLG29WuoD', 'Drdwc2G0QW', '9cQPkJ5fnG', 'fnT6pXzKP0']"
141,"['J7hVRECgEm', 'rV7Pw3purQ', 'yUyax0IZdV', '9cQPkJ5fnG', 'fnT6pXzKP0']"
142,"['CiXDjEv0vN', 'xIsL3vy9jX', 'fnT6pXzKP0', '9cQPkJ5fnG']"
143,"['UKoQtfX4un', '7ipw2-n6el', '9cQPkJ5fnG', 'fnT6pXzKP0']"
144,"['00Z8IjaDD3', 'J5k54tgIUo', 'rV7Pw3purQ', '9cQPkJ5fnG', 'fnT6pXzKP0']"
145,"['G_IiU9GZQc', 'CgsU6O-TeU', '3jMpIejkr7', '9cQPkJ5fnG', 'fnT6pXzKP0']"
146,"['fBMVMwy2D-', 'A7y3--teGu', 'CS9fWn1prj', '9cQPkJ5fnG', 'fnT6pXzKP0']"
147,"['00Z8IjaDD3', 'S-eaVUdShM', 'rMgYwgmWs9', '9cQPkJ5fnG', 'fnT6pXzKP0']"
148,"['X8tcuAiPKf', 'tMe6_pOiUb', 'CS9fWn1prj', '9cQPkJ5fnG', 'fnT6pXzKP0']"
149,"['UKoQtfX4un', 'fBMVMwy2D-', 'J5k54tgIUo', '9cQPkJ5fnG', 'fnT6pXzKP0']"
150,"['iDgq32JgbD', 'OeDgiWB5d0', '9cQPkJ5fnG', 'fnT6pXzKP0']"
151,"['zVFa1VsDLp', 'sF4-20cYQc', 'o_gtwodUHF', '9cQPkJ5fnG', 'fnT6pXzKP0']"
152,"['4YLG29WuoD', 'UKoQtfX4un', 'yUyax0IZdV', '9cQPkJ5fnG', 'fnT6pXzKP0']"
153,"['P45PakP_Xs', '9cQPkJ5fnG', 'G_IiU9GZQc', 'fnT6pXzKP0']"
154,"['Wl9jQDY1wS', 'IA35bodmUU', 'tMe6_pOiUb', '9cQPkJ5fnG', 'fnT6pXzKP0']"
155,"['7ipw2-n6el', 'WHJg9afebE', 'sF4-20cYQc', '9cQPkJ5fnG', 'fnT6pXzKP0']"
156,"['R746hjRC8R', 'fnT6pXzKP0', 'G_IiU9GZQc', '9cQPkJ5fnG']"
157,"['hafuP76NWY', 'G_IiU9GZQc', '0GUxcnNKTr', '9cQPkJ5fnG', 'fnT6pXzKP0']"
158,"['sF4-20cYQc', 'hafuP76NWY', 'iDgq32JgbD', '9cQPkJ5fnG', 'fnT6pXzKP0']"
159,"['7ipw2-n6el', '00Z8IjaDD3', 'AtfxNCsTNK', '9cQPkJ5fnG', 'fnT6pXzKP0']"
160,"['hafuP76NWY', '9cQPkJ5fnG', 'fBMVMwy2D-', 'fnT6pXzKP0']"
161,"['CS9fWn1prj', 'J5k54tgIUo', 'WOuYvLGP7w', '9cQPkJ5fnG', 'fnT6pXzKP0']"
162,"['zYq3AMWqa3', 'CiXDjEv0vN', '0GUxcnNKTr', '9cQPkJ5fnG', 'fnT6pXzKP0']"
163,"['A7y3--teGu', 'sF4-20cYQc', 'kuN1yq6RR4', '9cQPkJ5fnG', 'fnT6pXzKP0']"
164,"['JvHD1bTkT2', 'xIsL3vy9jX', 'fnT6pXzKP0', '9cQPkJ5fnG']"
165,"['a-IMJ6FywW', 'zYq3AMWqa3', '9cQPkJ5fnG', 'fnT6pXzKP0']"
166,"['CiXDjEv0vN', 'JvHD1bTkT2', 'Drdwc2G0QW', '9cQPkJ5fnG', 'fnT6pXzKP0']"
167,"['QZHcgsdTrp', 'o_gtwodUHF', 'rV7Pw3purQ', '9cQPkJ5fnG', 'fnT6pXzKP0']"
168,"['iDgq32JgbD', 'yUyax0IZdV', 'J7hVRECgEm', '9cQPkJ5fnG', 'fnT6pXzKP0']"
169,"['IA35bodmUU', '0GUxcnNKTr', 'kuN1yq6RR4', '9cQPkJ5fnG', 'fnT6pXzKP0']"
170,"['-lhzFPNmw3', 'kuN1yq6RR4', 'rMgYwgmWs9', '9cQPkJ5fnG', 'fnT6pXzKP0']"
171,"['7ipw2-n6el', 'iDgq32JgbD', 'G_IiU9GZQc', '9cQPkJ5fnG', 'fnT6pXzKP0']"
172,"['lrwvdH2JxR', 'WOuYvLGP7w', 'WHJg9afebE', '9cQPkJ5fnG', 'fnT6pXzKP0']"
173,"['rMgYwgmWs9', '_ihvY2cxEF', 'IA35bodmUU', '9cQPkJ5fnG', 'fnT6pXzKP0']"
174,"['-lhzFPNmw3', 'CiXDjEv0vN', 'azMUK48QID', '9cQPkJ5fnG', 'fnT6pXzKP0']"
175,"['UKoQtfX4un', 'Wl9jQDY1wS', '3jMpIejkr7', '9cQPkJ5fnG', 'fnT6pXzKP0']"
176,"['CgsU6O-TeU', 'IA35bodmUU', 'OeDgiWB5d0', '9cQPkJ5fnG', 'fnT6pXzKP0']"
177,"['lrwvdH2JxR', 'JH2cy8MSbn', 'G_IiU9GZQc', '9cQPkJ5fnG', 'fnT6pXzKP0']"
178,"['AtfxNCsTNK', 'UKoQtfX4un', '_ihvY2cxEF', '9cQPkJ5fnG', 'fnT6pXzKP0']"
179,"['rMgYwgmWs9', 'Wl9jQDY1wS', 'lrwvdH2JxR', '9cQPkJ5fnG', 'fnT6pXzKP0']"
180,"['xIsL3vy9jX', 'UKoQtfX4un', '_E-ZKGwRlt', '9cQPkJ5fnG', 'fnT6pXzKP0']"
181,"['o_gtwodUHF', 'Wl9jQDY1wS', 'fBMVMwy2D-', '9cQPkJ5fnG', 'fnT6pXzKP0']"
182,"['AtfxNCsTNK', 'zYq3AMWqa3', '-lhzFPNmw3', '9cQPkJ5fnG', 'fnT6pXzKP0']"
183,"['0GUxcnNKTr', 'yUyax0IZdV', 'hafuP76NWY', '9cQPkJ5fnG', 'fnT6pXzKP0']"
184,"['CiXDjEv0vN', 'zVFa1VsDLp', 'WHJg9afebE', '9cQPkJ5fnG', 'fnT6pXzKP0']"
185,"['iDgq32JgbD', '_ihvY2cxEF', 'R746hjRC8R', '9cQPkJ5fnG', 'fnT6pXzKP0']"
186,"['QZHcgsdTrp', 'AtfxNCsTNK', 'sF4-20cYQc', '9cQPkJ5fnG', 'fnT6pXzKP0']"
187,"['00Z8IjaDD3', 'o_gtwodUHF', 'OeDgiWB5d0', '9cQPkJ5fnG', 'fnT6pXzKP0']"
188,"['P45PakP_Xs', 'Wl9jQDY1wS', '7ipw2-n6el', '9cQPkJ5fnG', 'fnT6pXzKP0']"
189,"['Drdwc2G0QW', 'WOuYvLGP7w', 'rMgYwgmWs9', '9cQPkJ5fnG', 'fnT6pXzKP0']"
190,"['OeDgiWB5d0', 'WOuYvLGP7w', '3jMpIejkr7', '9cQPkJ5fnG', 'fnT6pXzKP0']"
191,"['lrwvdH2JxR', 'rV7Pw3purQ', 'Drdwc2G0QW', '9cQPkJ5fnG', 'fnT6pXzKP0']"
192,"['0GUxcnNKTr', 'Wl9jQDY1wS', 'JH2cy8MSbn', '9cQPkJ5fnG', 'fnT6pXzKP0']"
193,"['kuN1yq6RR4', 'zVFa1VsDLp', 'P45PakP_Xs', '9cQPkJ5fnG', 'fnT6pXzKP0']"
194,"['A7y3--teGu', 'X8tcuAiPKf', '9cQPkJ5fnG', 'fnT6pXzKP0']"
195,"['CgsU6O-TeU', '3jMpIejkr7', 'Wl9jQDY1wS', '9cQPkJ5fnG', 'fnT6pXzKP0']"
196,"['rV7Pw3purQ', 'X8tcuAiPKf', 'OeDgiWB5d0', '9cQPkJ5fnG', 'fnT6pXzKP0']"
197,"['_ihvY2cxEF', 'J7hVRECgEm', 'xIsL3vy9jX', '9cQPkJ5fnG', 'fnT6pXzKP0']"
198,"['0GUxcnNKTr', 'JvHD1bTkT2', 'Wl9jQDY1wS', '9cQPkJ5fnG', 'fnT6pXzKP0']"
199,"['-lhzFPNmw3', 'kuN1yq6RR4', 'zVFa1VsDLp', '9cQPkJ5fnG', 'fnT6pXzKP0']"
200,"['zVFa1VsDLp', 'J7hVRECgEm', 'X8tcuAiPKf', '9cQPkJ5fnG', 'fnT6pXzKP0']"
201,"['zVFa1VsDLp', 'rMgYwgmWs9', 'R746hjRC8R', '9cQPkJ5fnG', 'fnT6pXzKP0']"
202,"['iDgq32JgbD', 'G_IiU9GZQc', '_ihvY2cxEF', '9cQPkJ5fnG', 'fnT6pXzKP0']"
203,"['P45PakP_Xs', 'iDgq32JgbD', 'Wl9jQDY1wS', '9cQPkJ5fnG', 'fnT6pXzKP0']"
204,"['4YLG29WuoD', '_E-ZKGwRlt', '9cQPkJ5fnG', 'fnT6pXzKP0']"
205,"['-lhzFPNmw3', 'WHJg9afebE', 'sF4-20cYQc', '9cQPkJ5fnG', 'fnT6pXzKP0']"
206,"['zYq3AMWqa3', '4YLG29WuoD', 'IA35bodmUU', '9cQPkJ5fnG', 'fnT6pXzKP0']"
207,"['QZHcgsdTrp', 'hafuP76NWY', 'fnT6pXzKP0', '9cQPkJ5fnG']"
208,"['_E-ZKGwRlt', 'fnT6pXzKP0', '9cQPkJ5fnG']"
209,"['hafuP76NWY', '-lhzFPNmw3', '3jMpIejkr7', '9cQPkJ5fnG', 'fnT6pXzKP0']"
210,"['UKoQtfX4un', 'kuN1yq6RR4', 'a-IMJ6FywW', '9cQPkJ5fnG', 'fnT6pXzKP0']"
211,"['CiXDjEv0vN', 'WOuYvLGP7w', 'CS9fWn1prj', '9cQPkJ5fnG', 'fnT6pXzKP0']"
212,"['AtfxNCsTNK', 'zYq3AMWqa3', 'CiXDjEv0vN', '9cQPkJ5fnG', 'fnT6pXzKP0']"
213,"['9cQPkJ5fnG', '-lhzFPNmw3', '_ihvY2cxEF', 'fnT6pXzKP0']"
214,"['_ihvY2cxEF', 'fnT6pXzKP0', '0GUxcnNKTr', '9cQPkJ5fnG']"
215,"['JvHD1bTkT2', 'WHJg9afebE', 'QZHcgsdTrp', '9cQPkJ5fnG', 'fnT6pXzKP0']"
216,"['IA35bodmUU', 'P45PakP_Xs', 'WHJg9afebE', '9cQPkJ5fnG', 'fnT6pXzKP0']"
217,"['AtfxNCsTNK', 'xIsL3vy9jX', '9cQPkJ5fnG', 'fnT6pXzKP0']"
218,"['QZHcgsdTrp', 'fnT6pXzKP0', 'JH2cy8MSbn', '9cQPkJ5fnG']"
219,"['zVFa1VsDLp', 'hafuP76NWY', 'yUyax0IZdV', '9cQPkJ5fnG', 'fnT6pXzKP0']"
220,"['CgsU6O-TeU', 'tMe6_pOiUb', 'rV7Pw3purQ', '9cQPkJ5fnG', 'fnT6pXzKP0']"
221,"['7ipw2-n6el', 'UKoQtfX4un', 'CgsU6O-TeU', '9cQPkJ5fnG', 'fnT6pXzKP0']"
222,"['A7y3--teGu', '0GUxcnNKTr', 'UKoQtfX4un', '9cQPkJ5fnG', 'fnT6pXzKP0']"
223,"['JH2cy8MSbn', 'yUyax0IZdV', 'zVFa1VsDLp', '9cQPkJ5fnG', 'fnT6pXzKP0']"
224,"['9cQPkJ5fnG', 'JH2cy8MSbn', 'azMUK48QID', 'fnT6pXzKP0']"
225,"['xIsL3vy9jX', '_E-ZKGwRlt', 'sF4-20cYQc', '9cQPkJ5fnG', 'fnT6pXzKP0']"
226,"['azMUK48QID', 'OeDgiWB5d0', 'CS9fWn1prj', '9cQPkJ5fnG', 'fnT6pXzKP0']"
227,"['rV7Pw3purQ', '_ihvY2cxEF', 'yUyax0IZdV', '9cQPkJ5fnG', 'fnT6pXzKP0']"
228,"['AtfxNCsTNK', 'CiXDjEv0vN', '9cQPkJ5fnG', 'fnT6pXzKP0']"
229,"['tMe6_pOiUb', 'X8tcuAiPKf', 'S-eaVUdShM', '9cQPkJ5fnG', 'fnT6pXzKP0']"
230,"['azMUK48QID', 'JH2cy8MSbn', 'IA35bodmUU', '9cQPkJ5fnG', 'fnT6pXzKP0']"
231,"['fnT6pXzKP0', 'fBMVMwy2D-', 'tMe6_pOiUb', '9cQPkJ5fnG']"
232,"['00Z8IjaDD3', 'rV7Pw3purQ', 'fBMVMwy2D-', '9cQPkJ5fnG', 'fnT6pXzKP0']"
233,"['IA35bodmUU', 'CS9fWn1prj', '9cQPkJ5fnG', 'fnT6pXzKP0']"
234,"['UKoQtfX4un', 'o_gtwodUHF', 'J7hVRECgEm', '9cQPkJ5fnG', 'fnT6pXzKP0']"
235,"['xIsL3vy9jX', 'R746hjRC8R', 'CiXDjEv0vN', '9cQPkJ5fnG', 'fnT6pXzKP0']"
236,"['lrwvdH2JxR', 'J7hVRECgEm', '7ipw2-n6el', '9cQPkJ5fnG', 'fnT6pXzKP0']"
237,"['lrwvdH2JxR', 'rMgYwgmWs9', '0GUxcnNKTr', '9cQPkJ5fnG', 'fnT6pXzKP0']"
238,"['J7hVRECgEm', '_ihvY2cxEF', 'azMUK48QID', '9cQPkJ5fnG', 'fnT6pXzKP0']"
239,"['0GUxcnNKTr', 'P45PakP_Xs', '4YLG29WuoD', '9cQPkJ5fnG', 'fnT6pXzKP0']"
240,"['rV7Pw3purQ', 'JH2cy8MSbn', 'J5k54tgIUo', '9cQPkJ5fnG', 'fnT6pXzKP0']"
241,"['IA35bodmUU', 'J5k54tgIUo', '00Z8IjaDD3', '9cQPkJ5fnG', 'fnT6pXzKP0']"
242,"['rV7Pw3purQ', 'CiXDjEv0vN', 'JH2cy8MSbn', 'WOuYvLGP7w', 'X8tcuAiPKf']"
243,"['IA35bodmUU', 'QZHcgsdTrp', 'JvHD1bTkT2', '9cQPkJ5fnG', 'fnT6pXzKP0']"
244,"['OeDgiWB5d0', '0GUxcnNKTr', 'hafuP76NWY', '9cQPkJ5fnG', 'fnT6pXzKP0']"
245,"['0GUxcnNKTr', 'JvHD1bTkT2', '9cQPkJ5fnG', 'fnT6pXzKP0']"
246,"['4YLG29WuoD', 'kuN1yq6RR4', 'WOuYvLGP7w', '9cQPkJ5fnG', 'fnT6pXzKP0']"
247,"['fBMVMwy2D-', 'IA35bodmUU', '9cQPkJ5fnG', 'fnT6pXzKP0']"
248,"['tMe6_pOiUb', 'rMgYwgmWs9', '-lhzFPNmw3', '9cQPkJ5fnG', 'fnT6pXzKP0']"
249,"['X8tcuAiPKf', 'R746hjRC8R', '_E-ZKGwRlt', '9cQPkJ5fnG', 'fnT6pXzKP0']"
250,"['a-IMJ6FywW', 'sF4-20cYQc', 'zVFa1VsDLp', '9cQPkJ5fnG', 'fnT6pXzKP0']"
251,"['_E-ZKGwRlt', '0GUxcnNKTr', 'CiXDjEv0vN', '9cQPkJ5fnG', 'fnT6pXzKP0']"
252,"['00Z8IjaDD3', 'G_IiU9GZQc', 'yUyax0IZdV', '9cQPkJ5fnG', 'fnT6pXzKP0']"
253,"['lrwvdH2JxR', 'JH2cy8MSbn', '9cQPkJ5fnG', 'fnT6pXzKP0']"
254,"['4YLG29WuoD', 'kuN1yq6RR4', 'Wl9jQDY1wS', '9cQPkJ5fnG', 'fnT6pXzKP0']"
255,"['X8tcuAiPKf', 'xIsL3vy9jX', 'iDgq32JgbD', '9cQPkJ5fnG', 'fnT6pXzKP0']"
256,"['X8tcuAiPKf', 'xIsL3vy9jX', 'sF4-20cYQc', '9cQPkJ5fnG', 'fnT6pXzKP0']"
257,"['WOuYvLGP7w', 'o_gtwodUHF', '4YLG29WuoD', '9cQPkJ5fnG', 'fnT6pXzKP0']"
258,"['R746hjRC8R', '_E-ZKGwRlt', 'CiXDjEv0vN', '9cQPkJ5fnG', 'fnT6pXzKP0']"
259,"['X8tcuAiPKf', 'CS9fWn1prj', 'yUyax0IZdV', '9cQPkJ5fnG', 'fnT6pXzKP0']"
260,"['azMUK48QID', 'CS9fWn1prj', 'o_gtwodUHF', '9cQPkJ5fnG', 'fnT6pXzKP0']"
261,"['Drdwc2G0QW', 'iDgq32JgbD', '00Z8IjaDD3', '9cQPkJ5fnG', 'fnT6pXzKP0']"
262,"['J7hVRECgEm', 'kuN1yq6RR4', 'QZHcgsdTrp', '9cQPkJ5fnG', 'fnT6pXzKP0']"
263,"['a-IMJ6FywW', '00Z8IjaDD3', '3jMpIejkr7', '9cQPkJ5fnG', 'fnT6pXzKP0']"
264,"['CiXDjEv0vN', 'Drdwc2G0QW', 'kuN1yq6RR4', '9cQPkJ5fnG', 'fnT6pXzKP0']"
265,"['OeDgiWB5d0', 'Drdwc2G0QW', 'A7y3--teGu', '9cQPkJ5fnG', 'fnT6pXzKP0']"
266,"['CiXDjEv0vN', 'iDgq32JgbD', '-lhzFPNmw3', '9cQPkJ5fnG', 'fnT6pXzKP0']"
267,"['iDgq32JgbD', 'X8tcuAiPKf', '00Z8IjaDD3', 'WOuYvLGP7w']"
268,"['00Z8IjaDD3', 'lrwvdH2JxR', '_E-ZKGwRlt', '9cQPkJ5fnG', 'fnT6pXzKP0']"
269,"['0GUxcnNKTr', 'azMUK48QID', 'S-eaVUdShM', 'WOuYvLGP7w', 'X8tcuAiPKf']"
270,"['xIsL3vy9jX', 'R746hjRC8R', '9cQPkJ5fnG', 'fnT6pXzKP0']"
271,"['P45PakP_Xs', 'QZHcgsdTrp', 'azMUK48QID', '9cQPkJ5fnG', 'fnT6pXzKP0']"
272,"['CiXDjEv0vN', '4YLG29WuoD', 'J5k54tgIUo', '9cQPkJ5fnG', 'fnT6pXzKP0']"
273,"['JH2cy8MSbn', 'azMUK48QID', 'zYq3AMWqa3', '9cQPkJ5fnG', 'fnT6pXzKP0']"
274,"['tMe6_pOiUb', 'CgsU6O-TeU', 'CiXDjEv0vN', '9cQPkJ5fnG', 'fnT6pXzKP0']"
275,"['CiXDjEv0vN', 'rMgYwgmWs9', 'kuN1yq6RR4', 'WOuYvLGP7w', 'X8tcuAiPKf']"
276,"['rMgYwgmWs9', '3jMpIejkr7', '_E-ZKGwRlt', '9cQPkJ5fnG', 'fnT6pXzKP0']"
277,"['Drdwc2G0QW', '9cQPkJ5fnG', 'CiXDjEv0vN', 'WOuYvLGP7w', 'X8tcuAiPKf']"
278,"['o_gtwodUHF', 'azMUK48QID', '9cQPkJ5fnG', 'fnT6pXzKP0']"
279,"['G_IiU9GZQc', 'J7hVRECgEm', 'CiXDjEv0vN', '9cQPkJ5fnG', 'fnT6pXzKP0']"
280,"['WHJg9afebE', 'zYq3AMWqa3', 'zVFa1VsDLp', '9cQPkJ5fnG', 'fnT6pXzKP0']"
281,"['kuN1yq6RR4', 'o_gtwodUHF', 'fBMVMwy2D-', '9cQPkJ5fnG', 'fnT6pXzKP0']"
282,"['zVFa1VsDLp', 'IA35bodmUU', '0GUxcnNKTr', '9cQPkJ5fnG', 'fnT6pXzKP0']"
283,"['lrwvdH2JxR', 'hafuP76NWY', '4YLG29WuoD', '9cQPkJ5fnG', 'fnT6pXzKP0']"
284,"['Drdwc2G0QW', 'yUyax0IZdV', 'rMgYwgmWs9', '9cQPkJ5fnG', 'fnT6pXzKP0']"
285,"['OeDgiWB5d0', 'azMUK48QID', 'o_gtwodUHF', '9cQPkJ5fnG', 'fnT6pXzKP0']"
286,"['rMgYwgmWs9', 'xIsL3vy9jX', 'sF4-20cYQc', 'WOuYvLGP7w', 'X8tcuAiPKf']"
287,"['-lhzFPNmw3', 'xIsL3vy9jX', 'zYq3AMWqa3', '9cQPkJ5fnG', 'fnT6pXzKP0']"
288,"['WHJg9afebE', 'kuN1yq6RR4', 'P45PakP_Xs', 'WOuYvLGP7w', 'X8tcuAiPKf']"
289,"['fBMVMwy2D-', 'Wl9jQDY1wS', '_E-ZKGwRlt', 'WOuYvLGP7w', 'X8tcuAiPKf']"
290,"['QZHcgsdTrp', 'hafuP76NWY', 'Wl9jQDY1wS', '9cQPkJ5fnG', 'fnT6pXzKP0']"
291,"['rMgYwgmWs9', 'R746hjRC8R', 'yUyax0IZdV', 'WOuYvLGP7w', 'X8tcuAiPKf']"
292,"['hafuP76NWY', 'kuN1yq6RR4', 'rV7Pw3purQ', '9cQPkJ5fnG', 'fnT6pXzKP0']"
293,"['A7y3--teGu', 'WOuYvLGP7w', 'zYq3AMWqa3', '9cQPkJ5fnG', 'fnT6pXzKP0']"
294,"['CiXDjEv0vN', 'rV7Pw3purQ', 'QZHcgsdTrp', 'WOuYvLGP7w', 'X8tcuAiPKf']"
295,"['3jMpIejkr7', 'kuN1yq6RR4', '0GUxcnNKTr', 'WOuYvLGP7w', 'X8tcuAiPKf']"
296,"['-lhzFPNmw3', 'A7y3--teGu', 'CS9fWn1prj', 'WOuYvLGP7w', 'X8tcuAiPKf']"
297,"['rMgYwgmWs9', 'JvHD1bTkT2', 'J5k54tgIUo', 'WOuYvLGP7w', 'X8tcuAiPKf']"
298,"['rV7Pw3purQ', 'yUyax0IZdV', 'sF4-20cYQc', 'WOuYvLGP7w', 'X8tcuAiPKf']"
299,"['UKoQtfX4un', 'A7y3--teGu', 'CgsU6O-TeU', 'WOuYvLGP7w', 'X8tcuAiPKf']"
300,"['kuN1yq6RR4', '3jMpIejkr7', 'Drdwc2G0QW', 'WOuYvLGP7w', 'X8tcuAiPKf']"
301,"['QZHcgsdTrp', 'UKoQtfX4un', 'X8tcuAiPKf', 'WOuYvLGP7w']"
302,"['X8tcuAiPKf', 'AtfxNCsTNK', 'WOuYvLGP7w']"
303,"['_ihvY2cxEF', 'CiXDjEv0vN', 'G_IiU9GZQc', 'WOuYvLGP7w', 'X8tcuAiPKf']"
304,"['R746hjRC8R', 'Wl9jQDY1wS', 'sF4-20cYQc', 'WOuYvLGP7w', 'X8tcuAiPKf']"
305,"['A7y3--teGu', 'rMgYwgmWs9', 'OeDgiWB5d0', 'WOuYvLGP7w', 'X8tcuAiPKf']"
306,"['xIsL3vy9jX', 'Wl9jQDY1wS', 'S-eaVUdShM', 'WOuYvLGP7w', 'X8tcuAiPKf']"
307,"['yUyax0IZdV', 'Wl9jQDY1wS', 'fnT6pXzKP0', 'WOuYvLGP7w', 'X8tcuAiPKf']"
308,"['yUyax0IZdV', 'rMgYwgmWs9', '_E-ZKGwRlt', 'WOuYvLGP7w', 'X8tcuAiPKf']"
309,"['o_gtwodUHF', 'yUyax0IZdV', 'S-eaVUdShM', 'WOuYvLGP7w', 'X8tcuAiPKf']"
310,"['WOuYvLGP7w', 'WHJg9afebE', 'X8tcuAiPKf']"
311,"['J5k54tgIUo', 'tMe6_pOiUb', 'UKoQtfX4un', 'WOuYvLGP7w', 'X8tcuAiPKf']"
312,"['WOuYvLGP7w', 'Drdwc2G0QW', 'JvHD1bTkT2', 'X8tcuAiPKf']"
313,"['IA35bodmUU', 'kuN1yq6RR4', '_E-ZKGwRlt', 'WOuYvLGP7w', 'X8tcuAiPKf']"
314,"['sF4-20cYQc', 'S-eaVUdShM', 'IA35bodmUU', 'WOuYvLGP7w', 'X8tcuAiPKf']"
315,"['R746hjRC8R', 'OeDgiWB5d0', 'WOuYvLGP7w', 'X8tcuAiPKf']"
316,"['azMUK48QID', '3jMpIejkr7', 'rV7Pw3purQ', 'WOuYvLGP7w', 'X8tcuAiPKf']"
317,"['yUyax0IZdV', 'zVFa1VsDLp', 'AtfxNCsTNK', 'WOuYvLGP7w', 'X8tcuAiPKf']"
318,"['sF4-20cYQc', '_E-ZKGwRlt', 'zVFa1VsDLp', 'WOuYvLGP7w', 'X8tcuAiPKf']"
319,"['CiXDjEv0vN', '9cQPkJ5fnG', 'IA35bodmUU', 'WOuYvLGP7w', 'X8tcuAiPKf']"
320,"['S-eaVUdShM', 'J7hVRECgEm', 'rMgYwgmWs9', 'WOuYvLGP7w', 'X8tcuAiPKf']"
321,"['WHJg9afebE', 'fBMVMwy2D-', 'xIsL3vy9jX', 'WOuYvLGP7w', 'X8tcuAiPKf']"
322,"['Drdwc2G0QW', 'R746hjRC8R', 'CgsU6O-TeU', 'WOuYvLGP7w', 'X8tcuAiPKf']"
323,"['CS9fWn1prj', '_ihvY2cxEF', 'fBMVMwy2D-', 'WOuYvLGP7w', 'X8tcuAiPKf']"
324,"['a-IMJ6FywW', 'iDgq32JgbD', 'X8tcuAiPKf', 'WOuYvLGP7w']"
325,"['UKoQtfX4un', 'WHJg9afebE', 'CS9fWn1prj', 'WOuYvLGP7w', 'X8tcuAiPKf']"
326,"['00Z8IjaDD3', 'zVFa1VsDLp', 'WOuYvLGP7w', 'X8tcuAiPKf']"
327,"['0GUxcnNKTr', 'lrwvdH2JxR', 'X8tcuAiPKf', 'WOuYvLGP7w']"
328,"['4YLG29WuoD', 'Drdwc2G0QW', 'JvHD1bTkT2', 'WOuYvLGP7w', 'X8tcuAiPKf']"
329,"['lrwvdH2JxR', 'UKoQtfX4un', 'AtfxNCsTNK', 'WOuYvLGP7w', 'X8tcuAiPKf']"
330,"['o_gtwodUHF', 'P45PakP_Xs', 'JH2cy8MSbn', 'WOuYvLGP7w', 'X8tcuAiPKf']"
331,"['A7y3--teGu', 'JvHD1bTkT2', 'iDgq32JgbD', 'WOuYvLGP7w', 'X8tcuAiPKf']"
332,"['rMgYwgmWs9', 'xIsL3vy9jX', 'WOuYvLGP7w', 'X8tcuAiPKf']"
333,"['azMUK48QID', 'CgsU6O-TeU', 'S-eaVUdShM', 'WOuYvLGP7w', 'X8tcuAiPKf']"
334,"['X8tcuAiPKf', 'WHJg9afebE', 'Wl9jQDY1wS', 'WOuYvLGP7w']"
335,"['iDgq32JgbD', 'Drdwc2G0QW', 'Wl9jQDY1wS', 'WOuYvLGP7w', 'X8tcuAiPKf']"
336,"['Wl9jQDY1wS', 'AtfxNCsTNK', 'zVFa1VsDLp', 'WOuYvLGP7w', 'X8tcuAiPKf']"
337,"['AtfxNCsTNK', 'Wl9jQDY1wS', 'o_gtwodUHF', 'WOuYvLGP7w', 'X8tcuAiPKf']"
338,"['a-IMJ6FywW', 'o_gtwodUHF', 'CS9fWn1prj', 'WOuYvLGP7w', 'X8tcuAiPKf']"
339,"['QZHcgsdTrp', 'sF4-20cYQc', '-lhzFPNmw3', 'WOuYvLGP7w', 'X8tcuAiPKf']"
340,"['3jMpIejkr7', '4YLG29WuoD', 'OeDgiWB5d0', 'WOuYvLGP7w', 'X8tcuAiPKf']"
341,"['hafuP76NWY', 'iDgq32JgbD', 'J7hVRECgEm', 'WOuYvLGP7w', 'X8tcuAiPKf']"
342,"['R746hjRC8R', 'UKoQtfX4un', 'WOuYvLGP7w', 'X8tcuAiPKf']"
343,"['OeDgiWB5d0', 'sF4-20cYQc', 'CS9fWn1prj', 'WOuYvLGP7w', 'X8tcuAiPKf']"
344,"['A7y3--teGu', 'fBMVMwy2D-', 'a-IMJ6FywW', 'WOuYvLGP7w', 'X8tcuAiPKf']"
345,"['hafuP76NWY', 'A7y3--teGu', 'WHJg9afebE', 'WOuYvLGP7w', 'X8tcuAiPKf']"
346,"['OeDgiWB5d0', 'G_IiU9GZQc', 'iDgq32JgbD', 'WOuYvLGP7w', 'X8tcuAiPKf']"
347,"['JH2cy8MSbn', 'iDgq32JgbD', 'QZHcgsdTrp', 'WOuYvLGP7w', 'X8tcuAiPKf']"
348,"['o_gtwodUHF', 'QZHcgsdTrp', 'rV7Pw3purQ', 'WOuYvLGP7w', 'X8tcuAiPKf']"
349,"['3jMpIejkr7', 'Drdwc2G0QW', '00Z8IjaDD3', 'WOuYvLGP7w', 'X8tcuAiPKf']"
350,"['zYq3AMWqa3', '4YLG29WuoD', 'iDgq32JgbD', 'WOuYvLGP7w', 'X8tcuAiPKf']"
351,"['tMe6_pOiUb', 'iDgq32JgbD', 'zYq3AMWqa3', 'WOuYvLGP7w', 'X8tcuAiPKf']"
352,"['3jMpIejkr7', 'rV7Pw3purQ', 'R746hjRC8R', 'WOuYvLGP7w', 'X8tcuAiPKf']"
353,"['P45PakP_Xs', 'CS9fWn1prj', '3jMpIejkr7', 'WOuYvLGP7w', 'X8tcuAiPKf']"
354,"['fnT6pXzKP0', 'AtfxNCsTNK', '0GUxcnNKTr', 'WOuYvLGP7w', 'X8tcuAiPKf']"
355,"['o_gtwodUHF', '0GUxcnNKTr', 'A7y3--teGu', 'WOuYvLGP7w', 'X8tcuAiPKf']"
356,"['J5k54tgIUo', 'JvHD1bTkT2', '_ihvY2cxEF', 'WOuYvLGP7w', 'X8tcuAiPKf']"
357,"['_ihvY2cxEF', 'rMgYwgmWs9', 'tMe6_pOiUb', 'WOuYvLGP7w', 'X8tcuAiPKf']"
358,"['zYq3AMWqa3', 'JH2cy8MSbn', '0GUxcnNKTr', 'WOuYvLGP7w', 'X8tcuAiPKf']"
359,"['JvHD1bTkT2', 'zVFa1VsDLp', 'WOuYvLGP7w', 'X8tcuAiPKf']"
360,"['sF4-20cYQc', 'CS9fWn1prj', '4YLG29WuoD', 'WOuYvLGP7w', 'X8tcuAiPKf']"
361,"['00Z8IjaDD3', 'a-IMJ6FywW', 'zYq3AMWqa3', 'WOuYvLGP7w', 'X8tcuAiPKf']"
362,"['QZHcgsdTrp', '_ihvY2cxEF', 'IA35bodmUU', 'WOuYvLGP7w', 'X8tcuAiPKf']"
363,"['fBMVMwy2D-', 'J5k54tgIUo', 'WOuYvLGP7w', 'X8tcuAiPKf']"
364,"['CgsU6O-TeU', 'Wl9jQDY1wS', 'J7hVRECgEm', 'WOuYvLGP7w', 'X8tcuAiPKf']"
365,"['fBMVMwy2D-', 'OeDgiWB5d0', '4YLG29WuoD', 'WOuYvLGP7w', 'X8tcuAiPKf']"
366,"['IA35bodmUU', 'OeDgiWB5d0', 'WOuYvLGP7w', 'X8tcuAiPKf']"
367,"['P45PakP_Xs', 'R746hjRC8R', 'IA35bodmUU', 'WOuYvLGP7w', 'X8tcuAiPKf']"
368,"['tMe6_pOiUb', '4YLG29WuoD', 'JvHD1bTkT2', 'WOuYvLGP7w', 'X8tcuAiPKf']"
369,"['S-eaVUdShM', 'X8tcuAiPKf', 'CiXDjEv0vN', 'WOuYvLGP7w']"
370,"['G_IiU9GZQc', '7ipw2-n6el', '3jMpIejkr7', 'WOuYvLGP7w', 'X8tcuAiPKf']"
371,"['hafuP76NWY', 'J7hVRECgEm', 'WHJg9afebE', 'WOuYvLGP7w', 'X8tcuAiPKf']"
372,"['rV7Pw3purQ', '-lhzFPNmw3', 'J7hVRECgEm', 'WOuYvLGP7w', 'X8tcuAiPKf']"
373,"['tMe6_pOiUb', 'JH2cy8MSbn', 'iDgq32JgbD', 'WOuYvLGP7w', 'X8tcuAiPKf']"
374,"['WHJg9afebE', 'azMUK48QID', 'rV7Pw3purQ', 'WOuYvLGP7w', 'X8tcuAiPKf']"
375,"['azMUK48QID', '4YLG29WuoD', '9cQPkJ5fnG', 'WOuYvLGP7w', 'X8tcuAiPKf']"
376,"['iDgq32JgbD', 'X8tcuAiPKf', '0GUxcnNKTr', 'WOuYvLGP7w']"
377,"['Wl9jQDY1wS', 'R746hjRC8R', '7ipw2-n6el', 'WOuYvLGP7w', 'X8tcuAiPKf']"
378,"['kuN1yq6RR4', 'X8tcuAiPKf', 'P45PakP_Xs', 'WOuYvLGP7w']"
379,"['9cQPkJ5fnG', 'zVFa1VsDLp', 'CiXDjEv0vN', 'WOuYvLGP7w', 'X8tcuAiPKf']"
380,"['IA35bodmUU', 'kuN1yq6RR4', 'A7y3--teGu', 'WOuYvLGP7w', 'X8tcuAiPKf']"
381,"['a-IMJ6FywW', '4YLG29WuoD', 'JvHD1bTkT2', 'WOuYvLGP7w', 'X8tcuAiPKf']"
382,"['J7hVRECgEm', 'CS9fWn1prj', 'rMgYwgmWs9', 'WOuYvLGP7w', 'X8tcuAiPKf']"
383,"['P45PakP_Xs', 'JH2cy8MSbn', '3jMpIejkr7', 'WOuYvLGP7w', 'X8tcuAiPKf']"
384,"['A7y3--teGu', 'rMgYwgmWs9', 'zVFa1VsDLp', 'WOuYvLGP7w', 'X8tcuAiPKf']"
385,"['UKoQtfX4un', '3jMpIejkr7', '00Z8IjaDD3', 'WOuYvLGP7w', 'X8tcuAiPKf']"
386,"['sF4-20cYQc', 'xIsL3vy9jX', 'iDgq32JgbD', 'WOuYvLGP7w', 'X8tcuAiPKf']"
387,"['3jMpIejkr7', 'zVFa1VsDLp', 'WOuYvLGP7w', 'X8tcuAiPKf']"
388,"['zVFa1VsDLp', 'CgsU6O-TeU', 'o_gtwodUHF', 'WOuYvLGP7w', 'X8tcuAiPKf']"
389,"['fnT6pXzKP0', '9cQPkJ5fnG', 'kuN1yq6RR4', 'WOuYvLGP7w', 'X8tcuAiPKf']"
390,"['G_IiU9GZQc', '-lhzFPNmw3', 'R746hjRC8R', 'WOuYvLGP7w', 'X8tcuAiPKf']"
391,"['WHJg9afebE', 'A7y3--teGu', 'QZHcgsdTrp', 'WOuYvLGP7w', 'X8tcuAiPKf']"
392,"['CgsU6O-TeU', 'R746hjRC8R', '00Z8IjaDD3', 'WOuYvLGP7w', 'X8tcuAiPKf']"
393,"['7ipw2-n6el', '3jMpIejkr7', 'kuN1yq6RR4', 'WOuYvLGP7w', 'X8tcuAiPKf']"
394,"['QZHcgsdTrp', 'rV7Pw3purQ', 'a-IMJ6FywW', 'WOuYvLGP7w', 'X8tcuAiPKf']"
395,"['rV7Pw3purQ', 'JH2cy8MSbn', 'P45PakP_Xs', 'WOuYvLGP7w', 'X8tcuAiPKf']"
396,"['fnT6pXzKP0', 'kuN1yq6RR4', 'AtfxNCsTNK', 'WOuYvLGP7w', 'X8tcuAiPKf']"
397,"['rV7Pw3purQ', '3jMpIejkr7', 'Wl9jQDY1wS', 'WOuYvLGP7w', 'X8tcuAiPKf']"
398,"['JvHD1bTkT2', 'iDgq32JgbD', 'P45PakP_Xs', 'WOuYvLGP7w', 'X8tcuAiPKf']"
399,"['fnT6pXzKP0', 'rV7Pw3purQ', 'yUyax0IZdV', 'WOuYvLGP7w', 'X8tcuAiPKf']"
400,"['P45PakP_Xs', 'AtfxNCsTNK', 'iDgq32JgbD', 'WOuYvLGP7w', 'X8tcuAiPKf']"
401,"['lrwvdH2JxR', 'QZHcgsdTrp', 'rV7Pw3purQ', 'WOuYvLGP7w', 'X8tcuAiPKf']"
402,"['G_IiU9GZQc', 'S-eaVUdShM', '00Z8IjaDD3', 'WOuYvLGP7w', 'X8tcuAiPKf']"
403,"['3jMpIejkr7', 'AtfxNCsTNK', '-lhzFPNmw3', 'WOuYvLGP7w', 'X8tcuAiPKf']"
404,"['0GUxcnNKTr', '4YLG29WuoD', 'yUyax0IZdV', 'WOuYvLGP7w', 'X8tcuAiPKf']"
405,"['kuN1yq6RR4', 'sF4-20cYQc', 'WOuYvLGP7w', 'X8tcuAiPKf']"
406,"['IA35bodmUU', 'kuN1yq6RR4', 'rV7Pw3purQ', 'WOuYvLGP7w', 'X8tcuAiPKf']"
407,"['QZHcgsdTrp', 'yUyax0IZdV', 'zVFa1VsDLp', 'WOuYvLGP7w', 'X8tcuAiPKf']"
408,"['rV7Pw3purQ', 'CS9fWn1prj', 'UKoQtfX4un', 'WOuYvLGP7w', 'X8tcuAiPKf']"
409,"['lrwvdH2JxR', 'JH2cy8MSbn', '0GUxcnNKTr', 'WOuYvLGP7w', 'X8tcuAiPKf']"
410,"['CS9fWn1prj', 'AtfxNCsTNK', 'kuN1yq6RR4', 'WOuYvLGP7w', 'X8tcuAiPKf']"
411,"['fnT6pXzKP0', 'hafuP76NWY', 'lrwvdH2JxR', 'WOuYvLGP7w', 'X8tcuAiPKf']"
412,"['_E-ZKGwRlt', 'iDgq32JgbD', 'o_gtwodUHF', 'WOuYvLGP7w', 'X8tcuAiPKf']"
413,"['0GUxcnNKTr', '4YLG29WuoD', 'hafuP76NWY', 'WOuYvLGP7w', 'X8tcuAiPKf']"
414,"['xIsL3vy9jX', 'WHJg9afebE', '9cQPkJ5fnG', 'WOuYvLGP7w', 'X8tcuAiPKf']"
415,"['Wl9jQDY1wS', 'R746hjRC8R', 'CS9fWn1prj', 'WOuYvLGP7w', 'X8tcuAiPKf']"
416,"['iDgq32JgbD', 'o_gtwodUHF', 'lrwvdH2JxR', 'WOuYvLGP7w', 'X8tcuAiPKf']"
417,"['o_gtwodUHF', 'J5k54tgIUo', 'Wl9jQDY1wS', 'WOuYvLGP7w', 'X8tcuAiPKf']"
418,"['CgsU6O-TeU', 'CS9fWn1prj', 'J7hVRECgEm', 'WOuYvLGP7w', 'X8tcuAiPKf']"
419,"['G_IiU9GZQc', '4YLG29WuoD', 'X8tcuAiPKf', 'WOuYvLGP7w']"
420,"['9cQPkJ5fnG', 'sF4-20cYQc', '4YLG29WuoD', 'WOuYvLGP7w', 'X8tcuAiPKf']"
421,"['iDgq32JgbD', 'QZHcgsdTrp', 'o_gtwodUHF', 'WOuYvLGP7w', 'X8tcuAiPKf']"
422,"['P45PakP_Xs', 'zVFa1VsDLp', 'G_IiU9GZQc', 'WOuYvLGP7w', 'X8tcuAiPKf']"
423,"['R746hjRC8R', 'AtfxNCsTNK', 'P45PakP_Xs', 'WOuYvLGP7w', 'X8tcuAiPKf']"
424,"['QZHcgsdTrp', 'lrwvdH2JxR', 'sF4-20cYQc', 'WOuYvLGP7w', 'X8tcuAiPKf']"
425,"['iDgq32JgbD', 'kuN1yq6RR4', 'sF4-20cYQc', 'WOuYvLGP7w', 'X8tcuAiPKf']"
426,"['rV7Pw3purQ', '7ipw2-n6el', 'AtfxNCsTNK', 'WOuYvLGP7w', 'X8tcuAiPKf']"
427,"['CiXDjEv0vN', '7ipw2-n6el', 'lrwvdH2JxR', 'WOuYvLGP7w', 'X8tcuAiPKf']"
428,"['zYq3AMWqa3', 'JvHD1bTkT2', 'IA35bodmUU', 'WOuYvLGP7w', 'X8tcuAiPKf']"
429,"['UKoQtfX4un', 'WOuYvLGP7w', 'R746hjRC8R', 'X8tcuAiPKf']"
430,"['R746hjRC8R', 'zYq3AMWqa3', 'UKoQtfX4un', 'WOuYvLGP7w', 'X8tcuAiPKf']"
431,"['9cQPkJ5fnG', '3jMpIejkr7', 'zVFa1VsDLp', 'WOuYvLGP7w', 'X8tcuAiPKf']"
432,"['sF4-20cYQc', 'P45PakP_Xs', 'azMUK48QID', 'WOuYvLGP7w', 'X8tcuAiPKf']"
433,"['0GUxcnNKTr', 'WOuYvLGP7w', 'X8tcuAiPKf']"
434,"['zVFa1VsDLp', 'rV7Pw3purQ', '-lhzFPNmw3', 'WOuYvLGP7w', 'X8tcuAiPKf']"
435,"['o_gtwodUHF', 'IA35bodmUU', 'WOuYvLGP7w', 'X8tcuAiPKf']"
436,"['Drdwc2G0QW', '0GUxcnNKTr', 'zYq3AMWqa3', 'WOuYvLGP7w', 'X8tcuAiPKf']"
437,"['WOuYvLGP7w', 'J7hVRECgEm', 'o_gtwodUHF', 'X8tcuAiPKf']"
438,"['3jMpIejkr7', '7ipw2-n6el', 'G_IiU9GZQc', 'WOuYvLGP7w', 'X8tcuAiPKf']"
439,"['-lhzFPNmw3', 'WHJg9afebE', 'JH2cy8MSbn', 'WOuYvLGP7w', 'X8tcuAiPKf']"
440,"['kuN1yq6RR4', 'zYq3AMWqa3', 'R746hjRC8R', 'WOuYvLGP7w', 'X8tcuAiPKf']"
441,"['_E-ZKGwRlt', 'hafuP76NWY', 'WOuYvLGP7w', 'X8tcuAiPKf']"
442,"['P45PakP_Xs', 'X8tcuAiPKf', '0GUxcnNKTr', 'WOuYvLGP7w']"
443,"['UKoQtfX4un', 'P45PakP_Xs', 'G_IiU9GZQc', 'WOuYvLGP7w', 'X8tcuAiPKf']"
444,"['o_gtwodUHF', '-lhzFPNmw3', 'J5k54tgIUo', 'WOuYvLGP7w', 'X8tcuAiPKf']"
445,"['JvHD1bTkT2', 'tMe6_pOiUb', 'rV7Pw3purQ', 'WOuYvLGP7w', 'X8tcuAiPKf']"
446,"['_ihvY2cxEF', 'o_gtwodUHF', 'AtfxNCsTNK', 'WOuYvLGP7w', 'X8tcuAiPKf']"
447,"['J7hVRECgEm', '_E-ZKGwRlt', 'X8tcuAiPKf', 'WOuYvLGP7w']"
448,"['rMgYwgmWs9', '9cQPkJ5fnG', 'xIsL3vy9jX', 'WOuYvLGP7w', 'X8tcuAiPKf']"
449,"['azMUK48QID', '3jMpIejkr7', 'G_IiU9GZQc', 'WOuYvLGP7w', 'X8tcuAiPKf']"
450,"['J5k54tgIUo', '00Z8IjaDD3', 'xIsL3vy9jX', 'WOuYvLGP7w', 'X8tcuAiPKf']"
451,"['4YLG29WuoD', '00Z8IjaDD3', 'iDgq32JgbD', 'WOuYvLGP7w', 'X8tcuAiPKf']"
452,"['rV7Pw3purQ', 'OeDgiWB5d0', 'UKoQtfX4un', 'WOuYvLGP7w', 'X8tcuAiPKf']"
453,"['azMUK48QID', 'Drdwc2G0QW', 'CS9fWn1prj', 'WOuYvLGP7w', 'X8tcuAiPKf']"
454,"['lrwvdH2JxR', 'o_gtwodUHF', '-lhzFPNmw3', 'WOuYvLGP7w', 'X8tcuAiPKf']"
455,"['A7y3--teGu', '9cQPkJ5fnG', 'AtfxNCsTNK', 'WOuYvLGP7w', 'X8tcuAiPKf']"
456,"['_E-ZKGwRlt', 'CS9fWn1prj', 'UKoQtfX4un', 'WOuYvLGP7w', 'X8tcuAiPKf']"
457,"['lrwvdH2JxR', 'IA35bodmUU', '3jMpIejkr7', 'WOuYvLGP7w', 'X8tcuAiPKf']"
458,"['WOuYvLGP7w', 'iDgq32JgbD', 'azMUK48QID', 'X8tcuAiPKf']"
459,"['J7hVRECgEm', 'zVFa1VsDLp', 'CiXDjEv0vN', 'WOuYvLGP7w', 'X8tcuAiPKf']"
460,"['JH2cy8MSbn', 'OeDgiWB5d0', 'zVFa1VsDLp', 'WOuYvLGP7w', 'X8tcuAiPKf']"
461,"['P45PakP_Xs', 'IA35bodmUU', '3jMpIejkr7', 'WOuYvLGP7w', 'X8tcuAiPKf']"
462,"['X8tcuAiPKf', 'CgsU6O-TeU', 'lrwvdH2JxR', 'WOuYvLGP7w']"
463,"['J5k54tgIUo', 'X8tcuAiPKf', '-lhzFPNmw3', 'WOuYvLGP7w']"
464,"['CS9fWn1prj', 'WHJg9afebE', 'JvHD1bTkT2', 'WOuYvLGP7w', 'X8tcuAiPKf']"
465,"['CS9fWn1prj', 'fBMVMwy2D-', 'JvHD1bTkT2', 'WOuYvLGP7w', 'X8tcuAiPKf']"
466,"['J7hVRECgEm', 'fBMVMwy2D-', 'WOuYvLGP7w', 'X8tcuAiPKf']"
467,"['9cQPkJ5fnG', 'CiXDjEv0vN', 'WOuYvLGP7w', 'X8tcuAiPKf']"
468,"['UKoQtfX4un', 'lrwvdH2JxR', 'xIsL3vy9jX', 'WOuYvLGP7w', 'X8tcuAiPKf']"
469,"['kuN1yq6RR4', 'tMe6_pOiUb', 'WHJg9afebE', 'WOuYvLGP7w', 'X8tcuAiPKf']"
470,"['zVFa1VsDLp', 'xIsL3vy9jX', '-lhzFPNmw3', 'WOuYvLGP7w', 'X8tcuAiPKf']"
471,"['zVFa1VsDLp', '_E-ZKGwRlt', 'WOuYvLGP7w', 'X8tcuAiPKf']"
472,"['Wl9jQDY1wS', 'sF4-20cYQc', 'rMgYwgmWs9', 'WOuYvLGP7w', 'X8tcuAiPKf']"
473,"['AtfxNCsTNK', 'J5k54tgIUo', 'tMe6_pOiUb', 'WOuYvLGP7w', 'X8tcuAiPKf']"
474,"['JvHD1bTkT2', 'AtfxNCsTNK', 'hafuP76NWY', 'WOuYvLGP7w', 'X8tcuAiPKf']"
475,"['WHJg9afebE', '0GUxcnNKTr', 'rMgYwgmWs9', 'WOuYvLGP7w', 'X8tcuAiPKf']"
476,"['3jMpIejkr7', 'J5k54tgIUo', '7ipw2-n6el', 'WOuYvLGP7w', 'X8tcuAiPKf']"
477,"['CS9fWn1prj', 'OeDgiWB5d0', 'J7hVRECgEm', 'WOuYvLGP7w', 'X8tcuAiPKf']"
478,"['R746hjRC8R', 'WHJg9afebE', '9cQPkJ5fnG', 'WOuYvLGP7w', 'X8tcuAiPKf']"
479,"['X8tcuAiPKf', 'xIsL3vy9jX', 'o_gtwodUHF', 'WOuYvLGP7w']"
480,"['kuN1yq6RR4', '9cQPkJ5fnG', 'P45PakP_Xs', 'WOuYvLGP7w', 'X8tcuAiPKf']"
481,"['-lhzFPNmw3', 'iDgq32JgbD', '7ipw2-n6el', 'WOuYvLGP7w', 'X8tcuAiPKf']"
482,"['WOuYvLGP7w', 'o_gtwodUHF', 'G_IiU9GZQc', 'X8tcuAiPKf']"
483,"['zVFa1VsDLp', 'azMUK48QID', '3jMpIejkr7', 'WOuYvLGP7w', 'X8tcuAiPKf']"
484,"['J7hVRECgEm', 'AtfxNCsTNK', 'lrwvdH2JxR', 'WOuYvLGP7w', 'X8tcuAiPKf']"
485,"['CiXDjEv0vN', 'fnT6pXzKP0', 'a-IMJ6FywW', 'WOuYvLGP7w', 'X8tcuAiPKf']"
486,"['iDgq32JgbD', 'o_gtwodUHF', 'Drdwc2G0QW', 'WOuYvLGP7w', 'X8tcuAiPKf']"
487,"['rV7Pw3purQ', 'yUyax0IZdV', 'xIsL3vy9jX', 'WOuYvLGP7w', 'X8tcuAiPKf']"
488,"['_ihvY2cxEF', 'fBMVMwy2D-', 'hafuP76NWY', 'WOuYvLGP7w', 'X8tcuAiPKf']"
489,"['iDgq32JgbD', 'tMe6_pOiUb', 'xIsL3vy9jX', 'WOuYvLGP7w', 'X8tcuAiPKf']"
490,"['-lhzFPNmw3', 'R746hjRC8R', 'WHJg9afebE', 'WOuYvLGP7w', 'X8tcuAiPKf']"
491,"['tMe6_pOiUb', 'X8tcuAiPKf', 'A7y3--teGu', 'WOuYvLGP7w']"
492,"['S-eaVUdShM', '4YLG29WuoD', 'AtfxNCsTNK', 'WOuYvLGP7w', 'X8tcuAiPKf']"
493,"['J7hVRECgEm', 'JH2cy8MSbn', '-lhzFPNmw3', 'WOuYvLGP7w', 'X8tcuAiPKf']"
494,"['Drdwc2G0QW', 'A7y3--teGu', '3jMpIejkr7', 'WOuYvLGP7w', 'X8tcuAiPKf']"
495,"['rMgYwgmWs9', '_ihvY2cxEF', 'G_IiU9GZQc', 'WOuYvLGP7w', 'X8tcuAiPKf']"
496,"['kuN1yq6RR4', 'hafuP76NWY', 'yUyax0IZdV', 'WOuYvLGP7w', 'X8tcuAiPKf']"
497,"['WHJg9afebE', 'xIsL3vy9jX', 'a-IMJ6FywW', 'WOuYvLGP7w', 'X8tcuAiPKf']"
498,"['rV7Pw3purQ', '0GUxcnNKTr', 'WOuYvLGP7w', 'X8tcuAiPKf']"
499,"['P45PakP_Xs', 'WHJg9afebE', 'UKoQtfX4un', 'WOuYvLGP7w', 'X8tcuAiPKf']"
500,"['xIsL3vy9jX', 'rMgYwgmWs9', '9cQPkJ5fnG', 'WOuYvLGP7w', 'X8tcuAiPKf']"
501,"['sF4-20cYQc', 'WOuYvLGP7w', 'R746hjRC8R', 'X8tcuAiPKf']"
502,"['3jMpIejkr7', 'AtfxNCsTNK', 'azMUK48QID', 'WOuYvLGP7w', 'X8tcuAiPKf']"
503,"['JH2cy8MSbn', 'WHJg9afebE', '-lhzFPNmw3', 'WOuYvLGP7w', 'X8tcuAiPKf']"
504,"['G_IiU9GZQc', 'CiXDjEv0vN', 'CS9fWn1prj', 'WOuYvLGP7w', 'X8tcuAiPKf']"
505,"['CiXDjEv0vN', 'Wl9jQDY1wS', 'o_gtwodUHF', 'WOuYvLGP7w', 'X8tcuAiPKf']"
506,"['CS9fWn1prj', '3jMpIejkr7', 'JH2cy8MSbn', 'WOuYvLGP7w', 'X8tcuAiPKf']"
507,"['hafuP76NWY', 'X8tcuAiPKf', 'rMgYwgmWs9', 'WOuYvLGP7w']"
508,"['R746hjRC8R', 'CiXDjEv0vN', 'Drdwc2G0QW', 'WOuYvLGP7w', 'X8tcuAiPKf']"
509,"['Wl9jQDY1wS', 'a-IMJ6FywW', 'kuN1yq6RR4', 'WOuYvLGP7w', 'X8tcuAiPKf']"
510,"['AtfxNCsTNK', 'JvHD1bTkT2', 'lrwvdH2JxR', 'WOuYvLGP7w', 'X8tcuAiPKf']"
511,"['AtfxNCsTNK', 'OeDgiWB5d0', '_E-ZKGwRlt', 'WOuYvLGP7w', 'X8tcuAiPKf']"
512,"['A7y3--teGu', 'zVFa1VsDLp', '-lhzFPNmw3', 'WOuYvLGP7w', 'X8tcuAiPKf']"
513,"['zVFa1VsDLp', '_ihvY2cxEF', 'IA35bodmUU', 'WOuYvLGP7w', 'X8tcuAiPKf']"
514,"['kuN1yq6RR4', 'hafuP76NWY', 'rMgYwgmWs9', 'WOuYvLGP7w', 'X8tcuAiPKf']"
515,"['JvHD1bTkT2', 'zVFa1VsDLp', 'iDgq32JgbD', 'WOuYvLGP7w', 'X8tcuAiPKf']"
516,"['J7hVRECgEm', '4YLG29WuoD', 'zVFa1VsDLp', 'WOuYvLGP7w', 'X8tcuAiPKf']"
517,"['J5k54tgIUo', '3jMpIejkr7', 'AtfxNCsTNK', 'WOuYvLGP7w', 'X8tcuAiPKf']"
518,"['JH2cy8MSbn', 'lrwvdH2JxR', 'kuN1yq6RR4', 'WOuYvLGP7w', 'X8tcuAiPKf']"
519,"['rV7Pw3purQ', 'JvHD1bTkT2', 'Drdwc2G0QW', 'WOuYvLGP7w', 'X8tcuAiPKf']"
520,"['azMUK48QID', 'IA35bodmUU', 'WHJg9afebE', 'WOuYvLGP7w', 'X8tcuAiPKf']"
521,"['zVFa1VsDLp', 'JH2cy8MSbn', 'CiXDjEv0vN', 'WOuYvLGP7w', 'X8tcuAiPKf']"
522,"['-lhzFPNmw3', 'OeDgiWB5d0', 'JH2cy8MSbn', 'WOuYvLGP7w', 'X8tcuAiPKf']"
523,"['X8tcuAiPKf', '9cQPkJ5fnG', 'kuN1yq6RR4', 'WOuYvLGP7w']"
524,"['WHJg9afebE', 'hafuP76NWY', 'o_gtwodUHF', 'WOuYvLGP7w', 'X8tcuAiPKf']"
525,"['rMgYwgmWs9', '-lhzFPNmw3', '4YLG29WuoD', 'WOuYvLGP7w', 'X8tcuAiPKf']"
526,"['S-eaVUdShM', 'Drdwc2G0QW', 'Wl9jQDY1wS', 'WOuYvLGP7w', 'X8tcuAiPKf']"
527,"['sF4-20cYQc', 'QZHcgsdTrp', '00Z8IjaDD3', 'WOuYvLGP7w', 'X8tcuAiPKf']"
528,"['QZHcgsdTrp', 'fBMVMwy2D-', '9cQPkJ5fnG', 'WOuYvLGP7w', 'X8tcuAiPKf']"
529,"['o_gtwodUHF', 'tMe6_pOiUb', 'R746hjRC8R', 'WOuYvLGP7w', 'X8tcuAiPKf']"
530,"['a-IMJ6FywW', 'R746hjRC8R', '0GUxcnNKTr', 'WOuYvLGP7w', 'X8tcuAiPKf']"
531,"['zYq3AMWqa3', 'rV7Pw3purQ', 'lrwvdH2JxR', 'WOuYvLGP7w', 'X8tcuAiPKf']"
532,"['lrwvdH2JxR', 'rMgYwgmWs9', 'WOuYvLGP7w', 'X8tcuAiPKf']"
533,"['iDgq32JgbD', '4YLG29WuoD', 'WOuYvLGP7w', 'X8tcuAiPKf']"
534,"['J5k54tgIUo', 'R746hjRC8R', 'IA35bodmUU', 'WOuYvLGP7w', 'X8tcuAiPKf']"
535,"['zYq3AMWqa3', 'OeDgiWB5d0', 'CgsU6O-TeU', 'WOuYvLGP7w', 'X8tcuAiPKf']"
536,"['X8tcuAiPKf', 'IA35bodmUU', 'S-eaVUdShM', 'WOuYvLGP7w']"
537,"['hafuP76NWY', '-lhzFPNmw3', '7ipw2-n6el', 'WOuYvLGP7w', 'X8tcuAiPKf']"
538,"['zVFa1VsDLp', 'G_IiU9GZQc', 'Drdwc2G0QW', 'WOuYvLGP7w', 'X8tcuAiPKf']"
539,"['_ihvY2cxEF', 'OeDgiWB5d0', '00Z8IjaDD3', 'WOuYvLGP7w', 'X8tcuAiPKf']"
540,"['R746hjRC8R', 'G_IiU9GZQc', 'WOuYvLGP7w', 'X8tcuAiPKf']"
541,"['xIsL3vy9jX', 'Drdwc2G0QW', '0GUxcnNKTr', 'WOuYvLGP7w', 'X8tcuAiPKf']"
542,"['UKoQtfX4un', '_ihvY2cxEF', 'CiXDjEv0vN', 'WOuYvLGP7w', 'X8tcuAiPKf']"
543,"['Drdwc2G0QW', 'zVFa1VsDLp', 'azMUK48QID', 'WOuYvLGP7w', 'X8tcuAiPKf']"
544,"['OeDgiWB5d0', '4YLG29WuoD', 'WOuYvLGP7w', 'X8tcuAiPKf']"
545,"['fBMVMwy2D-', 'CgsU6O-TeU', 'rV7Pw3purQ', 'WOuYvLGP7w', 'X8tcuAiPKf']"
546,"['o_gtwodUHF', 'lrwvdH2JxR', 'WOuYvLGP7w', 'X8tcuAiPKf']"
547,"['R746hjRC8R', '-lhzFPNmw3', 'CiXDjEv0vN', 'WOuYvLGP7w', 'X8tcuAiPKf']"
548,"['OeDgiWB5d0', 'WHJg9afebE', 'fnT6pXzKP0', 'WOuYvLGP7w', 'X8tcuAiPKf']"
549,"['WOuYvLGP7w', 'IA35bodmUU', 'kuN1yq6RR4', 'X8tcuAiPKf']"
550,"['A7y3--teGu', 'JH2cy8MSbn', 'sF4-20cYQc', 'WOuYvLGP7w', 'X8tcuAiPKf']"
551,"['WOuYvLGP7w', 'A7y3--teGu', '-lhzFPNmw3', 'CS9fWn1prj', 'UKoQtfX4un']"
552,"['IA35bodmUU', 'sF4-20cYQc', 'Drdwc2G0QW', 'WOuYvLGP7w', 'X8tcuAiPKf']"
553,"['CiXDjEv0vN', 'iDgq32JgbD', '_ihvY2cxEF', 'WOuYvLGP7w', 'X8tcuAiPKf']"
554,"['AtfxNCsTNK', 'iDgq32JgbD', '9cQPkJ5fnG', 'WOuYvLGP7w', 'X8tcuAiPKf']"
555,"['UKoQtfX4un', 'P45PakP_Xs', 'azMUK48QID', 'WOuYvLGP7w', 'X8tcuAiPKf']"
556,"['iDgq32JgbD', 'CS9fWn1prj', 'WOuYvLGP7w', 'X8tcuAiPKf']"
557,"['WOuYvLGP7w', 'S-eaVUdShM', 'Drdwc2G0QW', 'X8tcuAiPKf']"
558,"['rMgYwgmWs9', '3jMpIejkr7', 'CiXDjEv0vN', 'WOuYvLGP7w', 'X8tcuAiPKf']"
559,"['J7hVRECgEm', '9cQPkJ5fnG', 'G_IiU9GZQc', 'WOuYvLGP7w', 'X8tcuAiPKf']"
560,"['lrwvdH2JxR', 'o_gtwodUHF', 'yUyax0IZdV', '7ipw2-n6el', 'JvHD1bTkT2']"
561,"['WOuYvLGP7w', 'UKoQtfX4un', 'JH2cy8MSbn', 'X8tcuAiPKf']"
562,"['Wl9jQDY1wS', 'tMe6_pOiUb', 'WHJg9afebE', 'WOuYvLGP7w', 'X8tcuAiPKf']"
563,"['kuN1yq6RR4', '-lhzFPNmw3', '3jMpIejkr7', 'WOuYvLGP7w', 'X8tcuAiPKf']"
564,"['Drdwc2G0QW', '-lhzFPNmw3', 'kuN1yq6RR4', 'WOuYvLGP7w', 'X8tcuAiPKf']"
565,"['4YLG29WuoD', 'A7y3--teGu', '-lhzFPNmw3', 'WOuYvLGP7w', 'X8tcuAiPKf']"
566,"['WHJg9afebE', 'azMUK48QID', '3jMpIejkr7', 'WOuYvLGP7w', 'X8tcuAiPKf']"
567,"['3jMpIejkr7', 'J5k54tgIUo', 'WOuYvLGP7w', 'X8tcuAiPKf']"
568,"['yUyax0IZdV', '-lhzFPNmw3', 'hafuP76NWY', 'WOuYvLGP7w', 'X8tcuAiPKf']"
569,"['QZHcgsdTrp', 'xIsL3vy9jX', 'IA35bodmUU', 'WOuYvLGP7w', 'X8tcuAiPKf']"
570,"['Drdwc2G0QW', 'P45PakP_Xs', 'zVFa1VsDLp', 'WOuYvLGP7w', 'X8tcuAiPKf']"
571,"['-lhzFPNmw3', 'iDgq32JgbD', 'fnT6pXzKP0', 'WOuYvLGP7w', 'X8tcuAiPKf']"
572,"['QZHcgsdTrp', 'R746hjRC8R', '0GUxcnNKTr', 'WOuYvLGP7w', 'X8tcuAiPKf']"
573,"['4YLG29WuoD', 'QZHcgsdTrp', 'tMe6_pOiUb', 'P45PakP_Xs', 'UKoQtfX4un']"
574,"['kuN1yq6RR4', '9cQPkJ5fnG', 'G_IiU9GZQc', 'WOuYvLGP7w', 'X8tcuAiPKf']"
575,"['iDgq32JgbD', 'kuN1yq6RR4', 'JvHD1bTkT2', 'WOuYvLGP7w', 'X8tcuAiPKf']"
576,"['UKoQtfX4un', '3jMpIejkr7', 'zYq3AMWqa3', 'WOuYvLGP7w', 'X8tcuAiPKf']"
577,"['G_IiU9GZQc', 'xIsL3vy9jX', 'CiXDjEv0vN', 'WOuYvLGP7w', 'X8tcuAiPKf']"
578,"['0GUxcnNKTr', 'iDgq32JgbD', 'WOuYvLGP7w', 'X8tcuAiPKf']"
579,"['7ipw2-n6el', '0GUxcnNKTr', '_E-ZKGwRlt', 'WOuYvLGP7w', 'X8tcuAiPKf']"
580,"['CiXDjEv0vN', 'P45PakP_Xs', 'rMgYwgmWs9', 'zYq3AMWqa3', '0GUxcnNKTr']"
581,"['xIsL3vy9jX', 'o_gtwodUHF', 'J7hVRECgEm', 'WOuYvLGP7w', 'X8tcuAiPKf']"
582,"['a-IMJ6FywW', 'P45PakP_Xs', '4YLG29WuoD', 'rV7Pw3purQ']"
583,"['iDgq32JgbD', 'kuN1yq6RR4', 'tMe6_pOiUb', 'P45PakP_Xs', 'zVFa1VsDLp']"
584,"['xIsL3vy9jX', 'AtfxNCsTNK', '-lhzFPNmw3', 'WOuYvLGP7w', 'X8tcuAiPKf']"
585,"['3jMpIejkr7', 'CiXDjEv0vN', 'xIsL3vy9jX', 'WOuYvLGP7w', 'X8tcuAiPKf']"
586,"['UKoQtfX4un', 'tMe6_pOiUb', 'a-IMJ6FywW', 'xIsL3vy9jX', 'WHJg9afebE']"
587,"['00Z8IjaDD3', 'a-IMJ6FywW', '0GUxcnNKTr', 'R746hjRC8R', 'QZHcgsdTrp']"
588,"['00Z8IjaDD3', 'P45PakP_Xs', 'sF4-20cYQc', 'WOuYvLGP7w', 'X8tcuAiPKf']"
589,"['zVFa1VsDLp', '0GUxcnNKTr', '7ipw2-n6el', 'WOuYvLGP7w', 'X8tcuAiPKf']"
590,"['WOuYvLGP7w', 'AtfxNCsTNK', 'kuN1yq6RR4', 'S-eaVUdShM', '4YLG29WuoD']"
591,"['o_gtwodUHF', 'iDgq32JgbD', '0GUxcnNKTr', 'OeDgiWB5d0', '-lhzFPNmw3']"
592,"['S-eaVUdShM', 'fBMVMwy2D-', '_E-ZKGwRlt', 'JvHD1bTkT2', 'R746hjRC8R']"
593,"['hafuP76NWY', 'UKoQtfX4un', '3jMpIejkr7', 'WOuYvLGP7w', 'X8tcuAiPKf']"
594,"['JH2cy8MSbn', 'sF4-20cYQc', 'rMgYwgmWs9', 'R746hjRC8R', 'hafuP76NWY']"
595,"['zVFa1VsDLp', '-lhzFPNmw3', 'lrwvdH2JxR', 'WOuYvLGP7w', 'X8tcuAiPKf']"
596,"['0GUxcnNKTr', 'kuN1yq6RR4', 'J5k54tgIUo', 'xIsL3vy9jX']"
597,"['WOuYvLGP7w', 'xIsL3vy9jX', 'a-IMJ6FywW', 'X8tcuAiPKf']"
598,"['P45PakP_Xs', 'tMe6_pOiUb', 'R746hjRC8R', '9cQPkJ5fnG', 'sF4-20cYQc']"
599,"['00Z8IjaDD3', 'rMgYwgmWs9', 'fBMVMwy2D-', 'JH2cy8MSbn', 'tMe6_pOiUb']"
600,"['R746hjRC8R', 'Drdwc2G0QW', 'AtfxNCsTNK', 'o_gtwodUHF', 'UKoQtfX4un']"
601,"['tMe6_pOiUb', 'lrwvdH2JxR', 'AtfxNCsTNK', 'JvHD1bTkT2', 'S-eaVUdShM']"
602,"['iDgq32JgbD', 'CiXDjEv0vN', 'lrwvdH2JxR', 'UKoQtfX4un', 'azMUK48QID']"
603,"['7ipw2-n6el', 'X8tcuAiPKf', 'J5k54tgIUo', 'A7y3--teGu', 'Drdwc2G0QW']"
604,"['Drdwc2G0QW', 'IA35bodmUU', 'J7hVRECgEm', 'R746hjRC8R']"
605,"['WOuYvLGP7w', 'fnT6pXzKP0', 'yUyax0IZdV', 'hafuP76NWY', 'rMgYwgmWs9']"
606,"['JvHD1bTkT2', 'o_gtwodUHF', 'OeDgiWB5d0', '-lhzFPNmw3']"
607,"['Wl9jQDY1wS', 'lrwvdH2JxR', '7ipw2-n6el', 'QZHcgsdTrp', 'P45PakP_Xs']"
608,"['_E-ZKGwRlt', 'fnT6pXzKP0', 'a-IMJ6FywW', 'yUyax0IZdV', 'lrwvdH2JxR']"
609,"['sF4-20cYQc', 'R746hjRC8R', 'iDgq32JgbD', 'fBMVMwy2D-', 'hafuP76NWY']"
610,"['CgsU6O-TeU', '9cQPkJ5fnG', 'X8tcuAiPKf', 'JH2cy8MSbn', 'zYq3AMWqa3']"
611,"['WHJg9afebE', 'P45PakP_Xs', 'iDgq32JgbD', 'S-eaVUdShM', 'UKoQtfX4un']"
612,"['X8tcuAiPKf', 'zVFa1VsDLp', 'JH2cy8MSbn', 'fBMVMwy2D-', 'azMUK48QID']"
613,"['zYq3AMWqa3', '9cQPkJ5fnG', 'xIsL3vy9jX', 'tMe6_pOiUb', 'zVFa1VsDLp']"
614,"['iDgq32JgbD', 'yUyax0IZdV', 'o_gtwodUHF', 'CgsU6O-TeU', 'hafuP76NWY']"
615,"['IA35bodmUU', 'o_gtwodUHF', '9cQPkJ5fnG', 'J5k54tgIUo']"
616,"['0GUxcnNKTr', 'yUyax0IZdV', 'A7y3--teGu', 'o_gtwodUHF']"
617,"['-lhzFPNmw3', 'UKoQtfX4un', 'fnT6pXzKP0', 'WOuYvLGP7w', 'kuN1yq6RR4']"
618,"['hafuP76NWY', 'WOuYvLGP7w', '_ihvY2cxEF', 'J7hVRECgEm', 'a-IMJ6FywW']"
619,"['yUyax0IZdV', 'P45PakP_Xs', 'azMUK48QID', 'J7hVRECgEm', 'IA35bodmUU']"
620,"['CgsU6O-TeU', '-lhzFPNmw3', 'P45PakP_Xs', 'fBMVMwy2D-', 'rMgYwgmWs9']"
621,"['CiXDjEv0vN', 'CgsU6O-TeU', 'tMe6_pOiUb', 'Drdwc2G0QW']"
622,"['00Z8IjaDD3', '_E-ZKGwRlt', 'UKoQtfX4un', 'zVFa1VsDLp', 'WOuYvLGP7w']"
623,"['IA35bodmUU', 'Drdwc2G0QW', 'xIsL3vy9jX', 'hafuP76NWY', '-lhzFPNmw3']"
624,"['rV7Pw3purQ', 'OeDgiWB5d0', 'kuN1yq6RR4', 'iDgq32JgbD', 'CS9fWn1prj']"
625,"['CS9fWn1prj', 'R746hjRC8R', 'A7y3--teGu', 'fBMVMwy2D-', 'CgsU6O-TeU']"
626,"['fBMVMwy2D-', 'lrwvdH2JxR', 'X8tcuAiPKf', 'IA35bodmUU', 'Wl9jQDY1wS']"
627,"['WOuYvLGP7w', 'R746hjRC8R', 'CS9fWn1prj', '4YLG29WuoD', 'JH2cy8MSbn']"
628,"['A7y3--teGu', 'AtfxNCsTNK', 'UKoQtfX4un', 'hafuP76NWY', 'JH2cy8MSbn']"
629,"['3jMpIejkr7', 'J7hVRECgEm', 'yUyax0IZdV', '_ihvY2cxEF', '7ipw2-n6el']"
630,"['J7hVRECgEm', 'xIsL3vy9jX', '0GUxcnNKTr', '_ihvY2cxEF', 'JvHD1bTkT2']"
631,"['fBMVMwy2D-', 'UKoQtfX4un', 'a-IMJ6FywW', '_E-ZKGwRlt']"
632,"['zVFa1VsDLp', 'rV7Pw3purQ', 'G_IiU9GZQc', '0GUxcnNKTr', 'UKoQtfX4un']"
633,"['0GUxcnNKTr', 'P45PakP_Xs', 'tMe6_pOiUb', 'azMUK48QID', '00Z8IjaDD3']"
634,"['J5k54tgIUo', '_E-ZKGwRlt', 'Wl9jQDY1wS', 'IA35bodmUU']"
635,"['S-eaVUdShM', 'xIsL3vy9jX', 'CgsU6O-TeU', 'A7y3--teGu', 'rV7Pw3purQ']"
636,"['_E-ZKGwRlt', 'IA35bodmUU', '_ihvY2cxEF']"
637,"['UKoQtfX4un', '00Z8IjaDD3', 'X8tcuAiPKf', 'zVFa1VsDLp', 'iDgq32JgbD']"
638,"['G_IiU9GZQc', 'WHJg9afebE', 'WOuYvLGP7w', 'fnT6pXzKP0', 'CS9fWn1prj']"
639,"['X8tcuAiPKf', 'tMe6_pOiUb', 'WOuYvLGP7w', 'QZHcgsdTrp', 'UKoQtfX4un']"
640,"['xIsL3vy9jX', 'azMUK48QID', 'yUyax0IZdV', 'QZHcgsdTrp', '4YLG29WuoD']"
641,"['iDgq32JgbD', 'kuN1yq6RR4', 'hafuP76NWY', 'WHJg9afebE', 'a-IMJ6FywW']"
642,"['Drdwc2G0QW', 'IA35bodmUU', 'S-eaVUdShM', 'CiXDjEv0vN', 'fBMVMwy2D-']"
643,"['zVFa1VsDLp', 'OeDgiWB5d0', '_E-ZKGwRlt', 'a-IMJ6FywW', '_ihvY2cxEF']"
644,"['iDgq32JgbD', 'azMUK48QID', '3jMpIejkr7', 'a-IMJ6FywW']"
645,"['zVFa1VsDLp', 'JH2cy8MSbn', 'IA35bodmUU', 'J7hVRECgEm']"
646,"['WOuYvLGP7w', 'fnT6pXzKP0', 'a-IMJ6FywW', 'hafuP76NWY']"
647,"['R746hjRC8R', 'azMUK48QID', '00Z8IjaDD3']"
648,"['sF4-20cYQc', 'kuN1yq6RR4', 'WOuYvLGP7w', 'CS9fWn1prj', '3jMpIejkr7']"
649,"['rMgYwgmWs9', 'OeDgiWB5d0', 'S-eaVUdShM', 'P45PakP_Xs', 'iDgq32JgbD']"
650,"['CS9fWn1prj', 'xIsL3vy9jX', 'UKoQtfX4un', 'Wl9jQDY1wS', 'kuN1yq6RR4']"
651,"['A7y3--teGu', 'JH2cy8MSbn', 'X8tcuAiPKf', '-lhzFPNmw3', 'Drdwc2G0QW']"
652,"['tMe6_pOiUb', 'hafuP76NWY', 'G_IiU9GZQc', 'CiXDjEv0vN', '_E-ZKGwRlt']"
653,"['JvHD1bTkT2', '00Z8IjaDD3', '4YLG29WuoD', 'X8tcuAiPKf', 'iDgq32JgbD']"
654,"['lrwvdH2JxR', '_ihvY2cxEF', '00Z8IjaDD3', 'UKoQtfX4un', 'kuN1yq6RR4']"
655,"['AtfxNCsTNK', 'J5k54tgIUo', 'fnT6pXzKP0', 'IA35bodmUU', 'UKoQtfX4un']"
656,"['Drdwc2G0QW', '00Z8IjaDD3', 'J5k54tgIUo', 'yUyax0IZdV', 'QZHcgsdTrp']"
657,"['WOuYvLGP7w', 'iDgq32JgbD', 'S-eaVUdShM', 'fnT6pXzKP0', 'CgsU6O-TeU']"
658,"['S-eaVUdShM', 'OeDgiWB5d0', 'X8tcuAiPKf', 'G_IiU9GZQc', 'CS9fWn1prj']"
659,"['9cQPkJ5fnG', 'zYq3AMWqa3', 'kuN1yq6RR4', 'WOuYvLGP7w']"
660,"['AtfxNCsTNK', 'xIsL3vy9jX', 'sF4-20cYQc', 'iDgq32JgbD', 'fnT6pXzKP0']"
661,"['tMe6_pOiUb', '_E-ZKGwRlt', 'WHJg9afebE', '4YLG29WuoD', 'Drdwc2G0QW']"
662,"['P45PakP_Xs', '3jMpIejkr7', 'OeDgiWB5d0', 'a-IMJ6FywW', '_E-ZKGwRlt']"
663,"['_E-ZKGwRlt', 'fnT6pXzKP0', 'WOuYvLGP7w', 'yUyax0IZdV']"
664,"['4YLG29WuoD', '_E-ZKGwRlt', 'CgsU6O-TeU', 'X8tcuAiPKf', 'OeDgiWB5d0']"
665,"['fBMVMwy2D-', 'xIsL3vy9jX', 'CgsU6O-TeU', '_E-ZKGwRlt']"
666,"['yUyax0IZdV', 'rMgYwgmWs9', '4YLG29WuoD', 'zVFa1VsDLp', 'AtfxNCsTNK']"
667,"['yUyax0IZdV', 'sF4-20cYQc', '4YLG29WuoD', 'zVFa1VsDLp', 'fBMVMwy2D-']"
668,"['A7y3--teGu', 'CS9fWn1prj', 'tMe6_pOiUb', '_ihvY2cxEF']"
669,"['9cQPkJ5fnG', 'OeDgiWB5d0', 'azMUK48QID', '0GUxcnNKTr', 'UKoQtfX4un']"
670,"['J5k54tgIUo', 'JvHD1bTkT2', 'zYq3AMWqa3', '0GUxcnNKTr', 'UKoQtfX4un']"
671,"['CS9fWn1prj', 'zYq3AMWqa3', 'a-IMJ6FywW', '00Z8IjaDD3', 'R746hjRC8R']"
672,"['IA35bodmUU', 'fnT6pXzKP0', 'tMe6_pOiUb', '9cQPkJ5fnG', 'hafuP76NWY']"
673,"['JvHD1bTkT2', '3jMpIejkr7', 'sF4-20cYQc', 'zYq3AMWqa3', '4YLG29WuoD']"
674,"['a-IMJ6FywW', '_E-ZKGwRlt', 'JH2cy8MSbn', '0GUxcnNKTr', 'UKoQtfX4un']"
675,"['G_IiU9GZQc', 'iDgq32JgbD', 'kuN1yq6RR4', 'yUyax0IZdV', 'AtfxNCsTNK']"
676,"['X8tcuAiPKf', 'A7y3--teGu', 'OeDgiWB5d0', 'fBMVMwy2D-']"
677,"['kuN1yq6RR4', '7ipw2-n6el', 'A7y3--teGu', '0GUxcnNKTr', 'UKoQtfX4un']"
678,"['7ipw2-n6el', 'R746hjRC8R', 'J5k54tgIUo', 'WOuYvLGP7w', 'A7y3--teGu']"
679,"['o_gtwodUHF', 'X8tcuAiPKf', 'hafuP76NWY', 'fnT6pXzKP0']"
680,"['P45PakP_Xs', 'JH2cy8MSbn', 'JvHD1bTkT2', '0GUxcnNKTr', 'UKoQtfX4un']"
681,"['_ihvY2cxEF', 'G_IiU9GZQc', 'J5k54tgIUo', '0GUxcnNKTr', 'UKoQtfX4un']"
682,"['3jMpIejkr7', '7ipw2-n6el', 'CS9fWn1prj', 'JvHD1bTkT2', 'zYq3AMWqa3']"
683,"['CgsU6O-TeU', '7ipw2-n6el', 'zVFa1VsDLp', 'Wl9jQDY1wS', 'CiXDjEv0vN']"
684,"['-lhzFPNmw3', 'AtfxNCsTNK', '9cQPkJ5fnG', '0GUxcnNKTr', 'UKoQtfX4un']"
685,"['J7hVRECgEm', 'OeDgiWB5d0', '_E-ZKGwRlt', 'zVFa1VsDLp', 'CS9fWn1prj']"
686,"['Drdwc2G0QW', 'P45PakP_Xs', 'fBMVMwy2D-', 'UKoQtfX4un']"
687,"['azMUK48QID', '4YLG29WuoD', 'IA35bodmUU', 'JvHD1bTkT2', 'yUyax0IZdV']"
688,"['S-eaVUdShM', '-lhzFPNmw3', 'fnT6pXzKP0', 'WHJg9afebE', '0GUxcnNKTr']"
689,"['3jMpIejkr7', '7ipw2-n6el', 'yUyax0IZdV', 'o_gtwodUHF']"
690,"['OeDgiWB5d0', 'S-eaVUdShM', 'J7hVRECgEm', 'R746hjRC8R', '9cQPkJ5fnG']"
691,"['CiXDjEv0vN', '7ipw2-n6el', 'X8tcuAiPKf', 'WOuYvLGP7w', 'rV7Pw3purQ']"
692,"['AtfxNCsTNK', 'J7hVRECgEm', 'yUyax0IZdV', '0GUxcnNKTr', 'UKoQtfX4un']"
693,"['sF4-20cYQc', 'Wl9jQDY1wS', 'P45PakP_Xs', '0GUxcnNKTr', 'UKoQtfX4un']"
694,"['kuN1yq6RR4', 'fnT6pXzKP0', 'CiXDjEv0vN', '0GUxcnNKTr', 'UKoQtfX4un']"
695,"['xIsL3vy9jX', 'CiXDjEv0vN', '_ihvY2cxEF', '0GUxcnNKTr', 'UKoQtfX4un']"
696,"['3jMpIejkr7', 'A7y3--teGu', '_E-ZKGwRlt', '0GUxcnNKTr', 'UKoQtfX4un']"
697,"['JH2cy8MSbn', '4YLG29WuoD', 'yUyax0IZdV', '_ihvY2cxEF', '3jMpIejkr7']"
698,"['CgsU6O-TeU', 'R746hjRC8R', 'WOuYvLGP7w', '0GUxcnNKTr', 'UKoQtfX4un']"
699,"['0GUxcnNKTr', 'CiXDjEv0vN', 'hafuP76NWY', 'UKoQtfX4un']"
700,"['UKoQtfX4un', 'yUyax0IZdV', '0GUxcnNKTr']"
701,"['00Z8IjaDD3', '9cQPkJ5fnG', 'P45PakP_Xs', '0GUxcnNKTr', 'UKoQtfX4un']"
702,"['IA35bodmUU', 'lrwvdH2JxR', 'J7hVRECgEm', '0GUxcnNKTr', 'UKoQtfX4un']"
703,"['0GUxcnNKTr', 'IA35bodmUU', 'UKoQtfX4un']"
704,"['zVFa1VsDLp', 'J7hVRECgEm', '_ihvY2cxEF', '0GUxcnNKTr', 'UKoQtfX4un']"
705,"['tMe6_pOiUb', 'hafuP76NWY', 'Drdwc2G0QW', '0GUxcnNKTr', 'UKoQtfX4un']"
706,"['CgsU6O-TeU', '7ipw2-n6el', 'J5k54tgIUo', '0GUxcnNKTr', 'UKoQtfX4un']"
707,"['OeDgiWB5d0', 'tMe6_pOiUb', 'hafuP76NWY', '0GUxcnNKTr', 'UKoQtfX4un']"
708,"['CS9fWn1prj', 'o_gtwodUHF', 'tMe6_pOiUb', '0GUxcnNKTr', 'UKoQtfX4un']"
709,"['Drdwc2G0QW', 'UKoQtfX4un', 'CgsU6O-TeU', '0GUxcnNKTr']"
710,"['JvHD1bTkT2', '_E-ZKGwRlt', '00Z8IjaDD3', '0GUxcnNKTr', 'UKoQtfX4un']"
711,"['UKoQtfX4un', 'J5k54tgIUo', '7ipw2-n6el', '0GUxcnNKTr']"
712,"['9cQPkJ5fnG', 'A7y3--teGu', 'CgsU6O-TeU', '0GUxcnNKTr', 'UKoQtfX4un']"
713,"['_ihvY2cxEF', '9cQPkJ5fnG', '0GUxcnNKTr', 'UKoQtfX4un']"
714,"['azMUK48QID', 'Wl9jQDY1wS', 'X8tcuAiPKf', '0GUxcnNKTr', 'UKoQtfX4un']"
715,"['azMUK48QID', '0GUxcnNKTr', 'UKoQtfX4un']"
716,"['0GUxcnNKTr', '9cQPkJ5fnG', 'Wl9jQDY1wS', 'UKoQtfX4un']"
717,"['o_gtwodUHF', 'UKoQtfX4un', '4YLG29WuoD', '0GUxcnNKTr']"
718,"['00Z8IjaDD3', 'JH2cy8MSbn', 'a-IMJ6FywW', '0GUxcnNKTr', 'UKoQtfX4un']"
719,"['CiXDjEv0vN', '7ipw2-n6el', 'fBMVMwy2D-', '0GUxcnNKTr', 'UKoQtfX4un']"
720,"['UKoQtfX4un', 'o_gtwodUHF', 'JvHD1bTkT2', '0GUxcnNKTr']"
721,"['A7y3--teGu', 'zYq3AMWqa3', '3jMpIejkr7', '0GUxcnNKTr', 'UKoQtfX4un']"
722,"['S-eaVUdShM', 'zYq3AMWqa3', '0GUxcnNKTr', 'UKoQtfX4un']"
723,"['G_IiU9GZQc', 'UKoQtfX4un', 'JH2cy8MSbn', '0GUxcnNKTr']"
724,"['JH2cy8MSbn', 'R746hjRC8R', '_E-ZKGwRlt', '0GUxcnNKTr', 'UKoQtfX4un']"
725,"['Wl9jQDY1wS', 'hafuP76NWY', 'UKoQtfX4un', '0GUxcnNKTr']"
726,"['fBMVMwy2D-', 'QZHcgsdTrp', 'IA35bodmUU', '0GUxcnNKTr', 'UKoQtfX4un']"
727,"['lrwvdH2JxR', 'rV7Pw3purQ', 'iDgq32JgbD', '0GUxcnNKTr', 'UKoQtfX4un']"
728,"['WHJg9afebE', 'rMgYwgmWs9', 'AtfxNCsTNK', '0GUxcnNKTr', 'UKoQtfX4un']"
729,"['J5k54tgIUo', 'JvHD1bTkT2', 'azMUK48QID', '0GUxcnNKTr', 'UKoQtfX4un']"
730,"['zYq3AMWqa3', 'IA35bodmUU', 'tMe6_pOiUb', '0GUxcnNKTr', 'UKoQtfX4un']"
731,"['OeDgiWB5d0', 'J7hVRECgEm', '0GUxcnNKTr', 'UKoQtfX4un']"
732,"['IA35bodmUU', 'rV7Pw3purQ', '0GUxcnNKTr', 'UKoQtfX4un']"
733,"['AtfxNCsTNK', 'S-eaVUdShM', 'zVFa1VsDLp', '0GUxcnNKTr', 'UKoQtfX4un']"
734,"['S-eaVUdShM', 'J5k54tgIUo', '_E-ZKGwRlt', '0GUxcnNKTr', 'UKoQtfX4un']"
735,"['WHJg9afebE', 'iDgq32JgbD', 'zYq3AMWqa3', '0GUxcnNKTr', 'UKoQtfX4un']"
736,"['R746hjRC8R', 'yUyax0IZdV', 'o_gtwodUHF', '0GUxcnNKTr', 'UKoQtfX4un']"
737,"['CS9fWn1prj', 'zVFa1VsDLp', 'JvHD1bTkT2', '0GUxcnNKTr', 'UKoQtfX4un']"
738,"['Wl9jQDY1wS', 'xIsL3vy9jX', 'P45PakP_Xs', '0GUxcnNKTr', 'UKoQtfX4un']"
739,"['A7y3--teGu', 'zYq3AMWqa3', 'iDgq32JgbD', '0GUxcnNKTr', 'UKoQtfX4un']"
740,"['o_gtwodUHF', 'fnT6pXzKP0', '0GUxcnNKTr', 'UKoQtfX4un']"
741,"['Drdwc2G0QW', 'CgsU6O-TeU', 'UKoQtfX4un', '0GUxcnNKTr']"
742,"['G_IiU9GZQc', 'S-eaVUdShM', 'hafuP76NWY', '0GUxcnNKTr', 'UKoQtfX4un']"
743,"['9cQPkJ5fnG', 'P45PakP_Xs', 'S-eaVUdShM', '0GUxcnNKTr', 'UKoQtfX4un']"
744,"['yUyax0IZdV', '_E-ZKGwRlt', '0GUxcnNKTr', 'UKoQtfX4un']"
745,"['CgsU6O-TeU', '9cQPkJ5fnG', 'UKoQtfX4un', '0GUxcnNKTr']"
746,"['CgsU6O-TeU', 'JvHD1bTkT2', 'CiXDjEv0vN', '0GUxcnNKTr', 'UKoQtfX4un']"
747,"['fBMVMwy2D-', 'a-IMJ6FywW', 'Drdwc2G0QW', '0GUxcnNKTr', 'UKoQtfX4un']"
748,"['JH2cy8MSbn', 'fnT6pXzKP0', '4YLG29WuoD', '0GUxcnNKTr', 'UKoQtfX4un']"
749,"['G_IiU9GZQc', 'iDgq32JgbD', 'hafuP76NWY', '0GUxcnNKTr', 'UKoQtfX4un']"
750,"['CiXDjEv0vN', 'sF4-20cYQc', 'A7y3--teGu', '0GUxcnNKTr', 'UKoQtfX4un']"
751,"['CiXDjEv0vN', 'IA35bodmUU', '0GUxcnNKTr', 'UKoQtfX4un']"
752,"['P45PakP_Xs', 'o_gtwodUHF', '4YLG29WuoD', '0GUxcnNKTr', 'UKoQtfX4un']"
753,"['CgsU6O-TeU', '-lhzFPNmw3', '00Z8IjaDD3', '0GUxcnNKTr', 'UKoQtfX4un']"
754,"['a-IMJ6FywW', '3jMpIejkr7', '0GUxcnNKTr', 'UKoQtfX4un']"
755,"['_E-ZKGwRlt', '0GUxcnNKTr', 'xIsL3vy9jX', 'UKoQtfX4un']"
756,"['AtfxNCsTNK', 'JH2cy8MSbn', 'sF4-20cYQc', '0GUxcnNKTr', 'UKoQtfX4un']"
757,"['lrwvdH2JxR', 'iDgq32JgbD', 'Wl9jQDY1wS', '0GUxcnNKTr', 'UKoQtfX4un']"
758,"['zYq3AMWqa3', 'fnT6pXzKP0', 'IA35bodmUU', '0GUxcnNKTr', 'UKoQtfX4un']"
759,"['AtfxNCsTNK', 'lrwvdH2JxR', 'A7y3--teGu', '0GUxcnNKTr', 'UKoQtfX4un']"
760,"['CiXDjEv0vN', '9cQPkJ5fnG', 'G_IiU9GZQc', '0GUxcnNKTr', 'UKoQtfX4un']"
761,"['00Z8IjaDD3', '7ipw2-n6el', 'JvHD1bTkT2', '0GUxcnNKTr', 'UKoQtfX4un']"
762,"['yUyax0IZdV', 'Drdwc2G0QW', 'JH2cy8MSbn', '0GUxcnNKTr', 'UKoQtfX4un']"
763,"['kuN1yq6RR4', 'CiXDjEv0vN', '0GUxcnNKTr', 'UKoQtfX4un']"
764,"['rV7Pw3purQ', 'S-eaVUdShM', 'AtfxNCsTNK', '0GUxcnNKTr', 'UKoQtfX4un']"
765,"['WOuYvLGP7w', 'sF4-20cYQc', 'QZHcgsdTrp', '0GUxcnNKTr', 'UKoQtfX4un']"
766,"['AtfxNCsTNK', 'CgsU6O-TeU', 'o_gtwodUHF', '0GUxcnNKTr', 'UKoQtfX4un']"
767,"['azMUK48QID', '9cQPkJ5fnG', 'zVFa1VsDLp', '0GUxcnNKTr', 'UKoQtfX4un']"
768,"['WOuYvLGP7w', 'tMe6_pOiUb', 'rMgYwgmWs9', '0GUxcnNKTr', 'UKoQtfX4un']"
769,"['X8tcuAiPKf', 'Wl9jQDY1wS', 'sF4-20cYQc', '0GUxcnNKTr', 'UKoQtfX4un']"
770,"['CS9fWn1prj', 'lrwvdH2JxR', '0GUxcnNKTr', 'UKoQtfX4un']"
771,"['S-eaVUdShM', 'QZHcgsdTrp', '-lhzFPNmw3', '0GUxcnNKTr', 'UKoQtfX4un']"
772,"['tMe6_pOiUb', '00Z8IjaDD3', 'fBMVMwy2D-', '0GUxcnNKTr', 'UKoQtfX4un']"
773,"['00Z8IjaDD3', 'S-eaVUdShM', 'CS9fWn1prj', '0GUxcnNKTr', 'UKoQtfX4un']"
774,"['Drdwc2G0QW', '_ihvY2cxEF', 'J5k54tgIUo', '0GUxcnNKTr', 'UKoQtfX4un']"
775,"['rMgYwgmWs9', '0GUxcnNKTr', 'OeDgiWB5d0', 'UKoQtfX4un']"
776,"['-lhzFPNmw3', 'IA35bodmUU', 'X8tcuAiPKf', '0GUxcnNKTr', 'UKoQtfX4un']"
777,"['zYq3AMWqa3', 'OeDgiWB5d0', 'o_gtwodUHF', '0GUxcnNKTr', 'UKoQtfX4un']"
778,"['CS9fWn1prj', 'yUyax0IZdV', '_ihvY2cxEF', '0GUxcnNKTr', 'UKoQtfX4un']"
779,"['0GUxcnNKTr', 'R746hjRC8R', 'Drdwc2G0QW', 'UKoQtfX4un']"
780,"['Wl9jQDY1wS', '_ihvY2cxEF', '00Z8IjaDD3', '0GUxcnNKTr', 'UKoQtfX4un']"
781,"['Drdwc2G0QW', '4YLG29WuoD', 'Wl9jQDY1wS', '0GUxcnNKTr', 'UKoQtfX4un']"
782,"['7ipw2-n6el', 'S-eaVUdShM', 'R746hjRC8R', '0GUxcnNKTr', 'UKoQtfX4un']"
783,"['J5k54tgIUo', 'G_IiU9GZQc', 'hafuP76NWY', '0GUxcnNKTr', 'UKoQtfX4un']"
784,"['_ihvY2cxEF', 'UKoQtfX4un', '0GUxcnNKTr']"
785,"['0GUxcnNKTr', '4YLG29WuoD', 'yUyax0IZdV', 'UKoQtfX4un']"
786,"['-lhzFPNmw3', 'J7hVRECgEm', 'yUyax0IZdV', '0GUxcnNKTr', 'UKoQtfX4un']"
787,"['iDgq32JgbD', 'R746hjRC8R', 'CgsU6O-TeU', '0GUxcnNKTr', 'UKoQtfX4un']"
788,"['CgsU6O-TeU', 'G_IiU9GZQc', 'iDgq32JgbD', '0GUxcnNKTr', 'UKoQtfX4un']"
789,"['A7y3--teGu', '00Z8IjaDD3', 'lrwvdH2JxR', '0GUxcnNKTr', 'UKoQtfX4un']"
790,"['WHJg9afebE', 'iDgq32JgbD', '_ihvY2cxEF', '0GUxcnNKTr', 'UKoQtfX4un']"
791,"['Wl9jQDY1wS', 'CiXDjEv0vN', '9cQPkJ5fnG', '0GUxcnNKTr', 'UKoQtfX4un']"
792,"['AtfxNCsTNK', 'P45PakP_Xs', 'JvHD1bTkT2', '0GUxcnNKTr', 'UKoQtfX4un']"
793,"['yUyax0IZdV', 'Wl9jQDY1wS', 'X8tcuAiPKf', '0GUxcnNKTr', 'UKoQtfX4un']"
794,"['rMgYwgmWs9', 'JH2cy8MSbn', 'hafuP76NWY', '0GUxcnNKTr', 'UKoQtfX4un']"
795,"['WOuYvLGP7w', 'tMe6_pOiUb', 'P45PakP_Xs', '0GUxcnNKTr', 'UKoQtfX4un']"
796,"['_E-ZKGwRlt', '7ipw2-n6el', 'rV7Pw3purQ', '0GUxcnNKTr', 'UKoQtfX4un']"
797,"['JH2cy8MSbn', 'iDgq32JgbD', '0GUxcnNKTr', 'UKoQtfX4un']"
798,"['IA35bodmUU', 'kuN1yq6RR4', 'iDgq32JgbD', '0GUxcnNKTr', 'UKoQtfX4un']"
799,"['yUyax0IZdV', 'A7y3--teGu', '0GUxcnNKTr', 'UKoQtfX4un']"
800,"['UKoQtfX4un', 'JH2cy8MSbn', 'IA35bodmUU', '0GUxcnNKTr']"
801,"['-lhzFPNmw3', '_ihvY2cxEF', 'G_IiU9GZQc', '0GUxcnNKTr', 'UKoQtfX4un']"
802,"['_ihvY2cxEF', 'rMgYwgmWs9', 'P45PakP_Xs', '0GUxcnNKTr', 'UKoQtfX4un']"
803,"['7ipw2-n6el', 'G_IiU9GZQc', 'AtfxNCsTNK', '0GUxcnNKTr', 'UKoQtfX4un']"
804,"['G_IiU9GZQc', 'X8tcuAiPKf', 'iDgq32JgbD', '0GUxcnNKTr', 'UKoQtfX4un']"
805,"['J5k54tgIUo', '_E-ZKGwRlt', 'CiXDjEv0vN', '0GUxcnNKTr', 'UKoQtfX4un']"
806,"['xIsL3vy9jX', 'R746hjRC8R', 'J5k54tgIUo', '0GUxcnNKTr', 'UKoQtfX4un']"
807,"['fnT6pXzKP0', 'yUyax0IZdV', '3jMpIejkr7', '0GUxcnNKTr', 'UKoQtfX4un']"
808,"['J7hVRECgEm', '7ipw2-n6el', 'sF4-20cYQc', '0GUxcnNKTr', 'UKoQtfX4un']"
809,"['AtfxNCsTNK', 'zYq3AMWqa3', '00Z8IjaDD3', '0GUxcnNKTr', 'UKoQtfX4un']"
810,"['yUyax0IZdV', 'iDgq32JgbD', 'Drdwc2G0QW', '0GUxcnNKTr', 'UKoQtfX4un']"
811,"['Drdwc2G0QW', 'WHJg9afebE', 'G_IiU9GZQc', '0GUxcnNKTr', 'UKoQtfX4un']"
812,"['sF4-20cYQc', 'rV7Pw3purQ', 'G_IiU9GZQc', '0GUxcnNKTr', 'UKoQtfX4un']"
813,"['sF4-20cYQc', 'xIsL3vy9jX', 'o_gtwodUHF', '0GUxcnNKTr', 'UKoQtfX4un']"
814,"['lrwvdH2JxR', 'JH2cy8MSbn', '4YLG29WuoD', '0GUxcnNKTr', 'UKoQtfX4un']"
815,"['IA35bodmUU', '00Z8IjaDD3', '0GUxcnNKTr', 'UKoQtfX4un']"
816,"['X8tcuAiPKf', 'J7hVRECgEm', '-lhzFPNmw3', '0GUxcnNKTr', 'UKoQtfX4un']"
817,"['QZHcgsdTrp', 'kuN1yq6RR4', '00Z8IjaDD3', '0GUxcnNKTr', 'UKoQtfX4un']"
818,"['A7y3--teGu', 'J7hVRECgEm', 'fnT6pXzKP0', '0GUxcnNKTr', 'UKoQtfX4un']"
819,"['JvHD1bTkT2', 'tMe6_pOiUb', 'IA35bodmUU', '0GUxcnNKTr', 'UKoQtfX4un']"
820,"['CS9fWn1prj', 'azMUK48QID', '_E-ZKGwRlt', '0GUxcnNKTr', 'UKoQtfX4un']"
821,"['CS9fWn1prj', '00Z8IjaDD3', '4YLG29WuoD', '0GUxcnNKTr', 'UKoQtfX4un']"
822,"['0GUxcnNKTr', 'iDgq32JgbD', 'A7y3--teGu', 'UKoQtfX4un']"
823,"['A7y3--teGu', 'G_IiU9GZQc', 'CiXDjEv0vN', '0GUxcnNKTr', 'UKoQtfX4un']"
824,"['CgsU6O-TeU', 'Wl9jQDY1wS', 'WOuYvLGP7w', '0GUxcnNKTr', 'UKoQtfX4un']"
825,"['Wl9jQDY1wS', 'G_IiU9GZQc', 'a-IMJ6FywW', '0GUxcnNKTr', 'UKoQtfX4un']"
826,"['X8tcuAiPKf', '_ihvY2cxEF', 'a-IMJ6FywW', '0GUxcnNKTr', 'UKoQtfX4un']"
827,"['9cQPkJ5fnG', 'WHJg9afebE', '0GUxcnNKTr', 'UKoQtfX4un']"
828,"['a-IMJ6FywW', 'CiXDjEv0vN', 'azMUK48QID', '0GUxcnNKTr', 'UKoQtfX4un']"
829,"['sF4-20cYQc', 'AtfxNCsTNK', '0GUxcnNKTr', 'UKoQtfX4un']"
830,"['xIsL3vy9jX', 'J5k54tgIUo', 'hafuP76NWY', '0GUxcnNKTr', 'UKoQtfX4un']"
831,"['fnT6pXzKP0', '3jMpIejkr7', 'CS9fWn1prj', '0GUxcnNKTr', 'UKoQtfX4un']"
832,"['WOuYvLGP7w', 'X8tcuAiPKf', 'CiXDjEv0vN', '0GUxcnNKTr', 'UKoQtfX4un']"
833,"['CS9fWn1prj', 'CiXDjEv0vN', 'rV7Pw3purQ', '0GUxcnNKTr', 'UKoQtfX4un']"
834,"['JH2cy8MSbn', '4YLG29WuoD', 'iDgq32JgbD', '0GUxcnNKTr', 'UKoQtfX4un']"
835,"['rV7Pw3purQ', 'fnT6pXzKP0', 'iDgq32JgbD', '0GUxcnNKTr', 'UKoQtfX4un']"
836,"['UKoQtfX4un', 'A7y3--teGu', '7ipw2-n6el', '0GUxcnNKTr']"
837,"['A7y3--teGu', 'AtfxNCsTNK', '9cQPkJ5fnG', '0GUxcnNKTr', 'UKoQtfX4un']"
838,"['AtfxNCsTNK', 'o_gtwodUHF', 'yUyax0IZdV', '0GUxcnNKTr', 'UKoQtfX4un']"
839,"['J7hVRECgEm', 'CS9fWn1prj', 'UKoQtfX4un', '0GUxcnNKTr']"
840,"['rMgYwgmWs9', 'S-eaVUdShM', '0GUxcnNKTr', 'UKoQtfX4un']"
841,"['IA35bodmUU', '4YLG29WuoD', 'Drdwc2G0QW', '0GUxcnNKTr', 'UKoQtfX4un']"
842,"['WOuYvLGP7w', 'a-IMJ6FywW', 'R746hjRC8R', '0GUxcnNKTr', 'UKoQtfX4un']"
843,"['xIsL3vy9jX', 'hafuP76NWY', 'X8tcuAiPKf', '0GUxcnNKTr', 'UKoQtfX4un']"
844,"['IA35bodmUU', 'tMe6_pOiUb', 'AtfxNCsTNK', '0GUxcnNKTr', 'UKoQtfX4un']"
845,"['IA35bodmUU', 'xIsL3vy9jX', 'tMe6_pOiUb', '0GUxcnNKTr', 'UKoQtfX4un']"
846,"['lrwvdH2JxR', 'Drdwc2G0QW', '4YLG29WuoD', '0GUxcnNKTr', 'UKoQtfX4un']"
847,"['rMgYwgmWs9', 'J5k54tgIUo', 'rV7Pw3purQ', '0GUxcnNKTr', 'UKoQtfX4un']"
848,"['CS9fWn1prj', 'S-eaVUdShM', '0GUxcnNKTr', 'UKoQtfX4un']"
849,"['9cQPkJ5fnG', 'fBMVMwy2D-', 'iDgq32JgbD', '0GUxcnNKTr', 'UKoQtfX4un']"
850,"['WHJg9afebE', 'xIsL3vy9jX', 'tMe6_pOiUb', '0GUxcnNKTr', 'UKoQtfX4un']"
851,"['CiXDjEv0vN', 'P45PakP_Xs', 'zYq3AMWqa3', '0GUxcnNKTr', 'UKoQtfX4un']"
852,"['J7hVRECgEm', 'zYq3AMWqa3', '0GUxcnNKTr', 'UKoQtfX4un']"
853,"['tMe6_pOiUb', 'fnT6pXzKP0', 'X8tcuAiPKf', '0GUxcnNKTr', 'UKoQtfX4un']"
854,"['-lhzFPNmw3', 'J7hVRECgEm', 'P45PakP_Xs', '0GUxcnNKTr', 'UKoQtfX4un']"
855,"['Drdwc2G0QW', '3jMpIejkr7', '0GUxcnNKTr', 'UKoQtfX4un']"
856,"['AtfxNCsTNK', 'fnT6pXzKP0', 'CS9fWn1prj', '0GUxcnNKTr', 'UKoQtfX4un']"
857,"['a-IMJ6FywW', '3jMpIejkr7', 'JH2cy8MSbn', '0GUxcnNKTr', 'UKoQtfX4un']"
858,"['X8tcuAiPKf', 'CgsU6O-TeU', 'fBMVMwy2D-', '0GUxcnNKTr', 'UKoQtfX4un']"
859,"['3jMpIejkr7', 'azMUK48QID', 'rV7Pw3purQ', '0GUxcnNKTr', 'UKoQtfX4un']"
860,"['R746hjRC8R', 'a-IMJ6FywW', 'G_IiU9GZQc', '0GUxcnNKTr', 'UKoQtfX4un']"
861,"['JvHD1bTkT2', '9cQPkJ5fnG', 'xIsL3vy9jX', '0GUxcnNKTr', 'UKoQtfX4un']"
862,"['iDgq32JgbD', 'CiXDjEv0vN', '9cQPkJ5fnG', '0GUxcnNKTr', 'UKoQtfX4un']"
863,"['A7y3--teGu', 'kuN1yq6RR4', '9cQPkJ5fnG', '0GUxcnNKTr', 'UKoQtfX4un']"
864,"['o_gtwodUHF', '-lhzFPNmw3', '7ipw2-n6el', '0GUxcnNKTr', 'UKoQtfX4un']"
865,"['4YLG29WuoD', 'zVFa1VsDLp', '7ipw2-n6el', '0GUxcnNKTr', 'UKoQtfX4un']"
866,"['xIsL3vy9jX', '4YLG29WuoD', 'tMe6_pOiUb', '0GUxcnNKTr', 'UKoQtfX4un']"
867,"['zYq3AMWqa3', 'hafuP76NWY', 'lrwvdH2JxR', '0GUxcnNKTr', 'UKoQtfX4un']"
868,"['J5k54tgIUo', 'xIsL3vy9jX', '7ipw2-n6el', '0GUxcnNKTr', 'UKoQtfX4un']"
869,"['rV7Pw3purQ', '3jMpIejkr7', 'R746hjRC8R', '0GUxcnNKTr', 'UKoQtfX4un']"
870,"['X8tcuAiPKf', 'rV7Pw3purQ', '00Z8IjaDD3', '0GUxcnNKTr', 'UKoQtfX4un']"
871,"['4YLG29WuoD', '_E-ZKGwRlt', 'CS9fWn1prj', '0GUxcnNKTr', 'UKoQtfX4un']"
872,"['_E-ZKGwRlt', 'fnT6pXzKP0', '7ipw2-n6el', '0GUxcnNKTr', 'UKoQtfX4un']"
873,"['QZHcgsdTrp', 'S-eaVUdShM', '0GUxcnNKTr', 'UKoQtfX4un']"
874,"['CgsU6O-TeU', 'a-IMJ6FywW', 'fBMVMwy2D-', '0GUxcnNKTr', 'UKoQtfX4un']"
875,"['7ipw2-n6el', 'Drdwc2G0QW', 'CgsU6O-TeU', '0GUxcnNKTr', 'UKoQtfX4un']"
876,"['AtfxNCsTNK', 'zVFa1VsDLp', 'CgsU6O-TeU', '0GUxcnNKTr', 'UKoQtfX4un']"
877,"['sF4-20cYQc', 'kuN1yq6RR4', 'R746hjRC8R', '0GUxcnNKTr', 'UKoQtfX4un']"
878,"['R746hjRC8R', 'OeDgiWB5d0', 'J5k54tgIUo', '0GUxcnNKTr', 'UKoQtfX4un']"
879,"['tMe6_pOiUb', 'kuN1yq6RR4', 'J5k54tgIUo', '0GUxcnNKTr', 'UKoQtfX4un']"
880,"['o_gtwodUHF', '4YLG29WuoD', 'P45PakP_Xs', '0GUxcnNKTr', 'UKoQtfX4un']"
881,"['3jMpIejkr7', 'xIsL3vy9jX', '0GUxcnNKTr', 'UKoQtfX4un']"
882,"['QZHcgsdTrp', 'a-IMJ6FywW', 'tMe6_pOiUb', '0GUxcnNKTr', 'UKoQtfX4un']"
883,"['CS9fWn1prj', 'azMUK48QID', 'fnT6pXzKP0', '0GUxcnNKTr', 'UKoQtfX4un']"
884,"['hafuP76NWY', '4YLG29WuoD', 'WHJg9afebE', '0GUxcnNKTr', 'UKoQtfX4un']"
885,"['azMUK48QID', 'A7y3--teGu', 'P45PakP_Xs', '0GUxcnNKTr', 'UKoQtfX4un']"
886,"['J7hVRECgEm', 'QZHcgsdTrp', '7ipw2-n6el', '0GUxcnNKTr', 'UKoQtfX4un']"
887,"['tMe6_pOiUb', '-lhzFPNmw3', 'P45PakP_Xs', '0GUxcnNKTr', 'UKoQtfX4un']"
888,"['a-IMJ6FywW', 'P45PakP_Xs', '0GUxcnNKTr', 'UKoQtfX4un']"
889,"['AtfxNCsTNK', 'yUyax0IZdV', 'a-IMJ6FywW', '0GUxcnNKTr', 'UKoQtfX4un']"
890,"['zVFa1VsDLp', 'J5k54tgIUo', '3jMpIejkr7', '0GUxcnNKTr', 'UKoQtfX4un']"
891,"['X8tcuAiPKf', 'tMe6_pOiUb', '-lhzFPNmw3', '0GUxcnNKTr', 'UKoQtfX4un']"
892,"['_ihvY2cxEF', 'IA35bodmUU', 'JH2cy8MSbn', '0GUxcnNKTr', 'UKoQtfX4un']"
893,"['_ihvY2cxEF', 'JH2cy8MSbn', 'WOuYvLGP7w', '0GUxcnNKTr', 'UKoQtfX4un']"
894,"['P45PakP_Xs', 'sF4-20cYQc', '00Z8IjaDD3', '0GUxcnNKTr', 'UKoQtfX4un']"
895,"['00Z8IjaDD3', '4YLG29WuoD', 'A7y3--teGu', '0GUxcnNKTr', 'UKoQtfX4un']"
896,"['lrwvdH2JxR', 'IA35bodmUU', 'zYq3AMWqa3', '0GUxcnNKTr', 'UKoQtfX4un']"
897,"['R746hjRC8R', 'QZHcgsdTrp', 'UKoQtfX4un', '0GUxcnNKTr']"
898,"['fnT6pXzKP0', '_E-ZKGwRlt', 'o_gtwodUHF', '0GUxcnNKTr', 'UKoQtfX4un']"
899,"['azMUK48QID', 'G_IiU9GZQc', '9cQPkJ5fnG', '0GUxcnNKTr', 'UKoQtfX4un']"
900,"['Drdwc2G0QW', 'o_gtwodUHF', 'fBMVMwy2D-', '0GUxcnNKTr', 'UKoQtfX4un']"
901,"['JvHD1bTkT2', 'zYq3AMWqa3', 'J7hVRECgEm', '0GUxcnNKTr', 'UKoQtfX4un']"
902,"['UKoQtfX4un', 'fBMVMwy2D-', 'xIsL3vy9jX', '0GUxcnNKTr']"
903,"['CS9fWn1prj', 'o_gtwodUHF', 'P45PakP_Xs', '0GUxcnNKTr', 'UKoQtfX4un']"
904,"['fBMVMwy2D-', 'WHJg9afebE', 'zYq3AMWqa3', '0GUxcnNKTr', 'UKoQtfX4un']"
905,"['J7hVRECgEm', 'G_IiU9GZQc', 'fBMVMwy2D-', '0GUxcnNKTr', 'UKoQtfX4un']"
906,"['3jMpIejkr7', '7ipw2-n6el', '0GUxcnNKTr', 'UKoQtfX4un']"
907,"['a-IMJ6FywW', 'zVFa1VsDLp', 'JH2cy8MSbn', '0GUxcnNKTr', 'UKoQtfX4un']"
908,"['_E-ZKGwRlt', 'rV7Pw3purQ', 'xIsL3vy9jX', '0GUxcnNKTr', 'UKoQtfX4un']"
909,"['CgsU6O-TeU', 'CiXDjEv0vN', 'iDgq32JgbD', '0GUxcnNKTr', 'UKoQtfX4un']"
910,"['WHJg9afebE', '3jMpIejkr7', 'a-IMJ6FywW', '0GUxcnNKTr', 'UKoQtfX4un']"
911,"['Drdwc2G0QW', 'X8tcuAiPKf', 'zYq3AMWqa3', '0GUxcnNKTr', 'UKoQtfX4un']"
912,"['JH2cy8MSbn', '_E-ZKGwRlt', '4YLG29WuoD', '0GUxcnNKTr', 'UKoQtfX4un']"
913,"['fBMVMwy2D-', 'P45PakP_Xs', 'CiXDjEv0vN', '0GUxcnNKTr', 'UKoQtfX4un']"
914,"['xIsL3vy9jX', 'tMe6_pOiUb', 'zVFa1VsDLp', '0GUxcnNKTr', 'UKoQtfX4un']"
915,"['xIsL3vy9jX', 'fBMVMwy2D-', 'QZHcgsdTrp', '0GUxcnNKTr', 'UKoQtfX4un']"
916,"['7ipw2-n6el', '3jMpIejkr7', 'X8tcuAiPKf', '0GUxcnNKTr', 'UKoQtfX4un']"
917,"['_ihvY2cxEF', '_E-ZKGwRlt', 'R746hjRC8R', '0GUxcnNKTr', 'UKoQtfX4un']"
918,"['iDgq32JgbD', 'OeDgiWB5d0', 'o_gtwodUHF', '0GUxcnNKTr', 'UKoQtfX4un']"
919,"['X8tcuAiPKf', '0GUxcnNKTr', 'A7y3--teGu', 'UKoQtfX4un']"
920,"['WOuYvLGP7w', 'fnT6pXzKP0', 'fBMVMwy2D-', '0GUxcnNKTr', 'UKoQtfX4un']"
921,"['Drdwc2G0QW', 'zVFa1VsDLp', '7ipw2-n6el', '0GUxcnNKTr', 'UKoQtfX4un']"
922,"['WHJg9afebE', '-lhzFPNmw3', '0GUxcnNKTr', 'UKoQtfX4un']"
923,"['J7hVRECgEm', 'fnT6pXzKP0', 'CS9fWn1prj', '0GUxcnNKTr', 'UKoQtfX4un']"
924,"['X8tcuAiPKf', 'JvHD1bTkT2', 'CS9fWn1prj', '0GUxcnNKTr', 'UKoQtfX4un']"
925,"['lrwvdH2JxR', 'G_IiU9GZQc', 'yUyax0IZdV', '0GUxcnNKTr', 'UKoQtfX4un']"
926,"['xIsL3vy9jX', 'R746hjRC8R', 'J5k54tgIUo', '0GUxcnNKTr', 'UKoQtfX4un']"
927,"['_E-ZKGwRlt', 'G_IiU9GZQc', 'rMgYwgmWs9', '0GUxcnNKTr', 'UKoQtfX4un']"
928,"['7ipw2-n6el', 'S-eaVUdShM', 'fBMVMwy2D-', '0GUxcnNKTr', 'UKoQtfX4un']"
929,"['sF4-20cYQc', 'J5k54tgIUo', 'xIsL3vy9jX', '0GUxcnNKTr', 'UKoQtfX4un']"
930,"['S-eaVUdShM', 'rMgYwgmWs9', 'JvHD1bTkT2', '0GUxcnNKTr', 'UKoQtfX4un']"
931,"['P45PakP_Xs', 'AtfxNCsTNK', 'zVFa1VsDLp', '0GUxcnNKTr', 'UKoQtfX4un']"
932,"['J5k54tgIUo', 'yUyax0IZdV', 'azMUK48QID', '0GUxcnNKTr', 'UKoQtfX4un']"
933,"['iDgq32JgbD', 'fBMVMwy2D-', 'o_gtwodUHF', '0GUxcnNKTr', 'UKoQtfX4un']"
934,"['tMe6_pOiUb', 'JH2cy8MSbn', 'kuN1yq6RR4', '0GUxcnNKTr', 'UKoQtfX4un']"
935,"['UKoQtfX4un', 'xIsL3vy9jX', 'OeDgiWB5d0', '0GUxcnNKTr']"
936,"['zYq3AMWqa3', 'xIsL3vy9jX', '_E-ZKGwRlt', '0GUxcnNKTr', 'UKoQtfX4un']"
937,"['CS9fWn1prj', 'A7y3--teGu', 'JvHD1bTkT2', '0GUxcnNKTr', 'UKoQtfX4un']"
938,"['yUyax0IZdV', 'UKoQtfX4un', '00Z8IjaDD3', '0GUxcnNKTr']"
939,"['o_gtwodUHF', 'JvHD1bTkT2', 'Drdwc2G0QW', '0GUxcnNKTr', 'UKoQtfX4un']"
940,"['P45PakP_Xs', 'zVFa1VsDLp', '9cQPkJ5fnG', '0GUxcnNKTr', 'UKoQtfX4un']"
941,"['_E-ZKGwRlt', 'yUyax0IZdV', '7ipw2-n6el', '0GUxcnNKTr', 'UKoQtfX4un']"
942,[]
943,"['X8tcuAiPKf', '0GUxcnNKTr', 'rMgYwgmWs9', 'UKoQtfX4un']"
944,"['zVFa1VsDLp', '4YLG29WuoD', 'azMUK48QID', '0GUxcnNKTr', 'UKoQtfX4un']"
945,"['rMgYwgmWs9', '00Z8IjaDD3', 'CiXDjEv0vN', '0GUxcnNKTr', 'UKoQtfX4un']"
946,"['G_IiU9GZQc', 'CiXDjEv0vN', 'A7y3--teGu', '0GUxcnNKTr', 'UKoQtfX4un']"
947,"['sF4-20cYQc', 'WHJg9afebE', '_ihvY2cxEF', '0GUxcnNKTr', 'UKoQtfX4un']"
948,"['Wl9jQDY1wS', 'zVFa1VsDLp', '3jMpIejkr7', '0GUxcnNKTr', 'UKoQtfX4un']"
949,"['AtfxNCsTNK', 'xIsL3vy9jX', 'X8tcuAiPKf', '0GUxcnNKTr', 'UKoQtfX4un']"
950,"['o_gtwodUHF', 'P45PakP_Xs', '_E-ZKGwRlt', '0GUxcnNKTr', 'UKoQtfX4un']"
951,"['A7y3--teGu', 'G_IiU9GZQc', 'R746hjRC8R', '0GUxcnNKTr', 'UKoQtfX4un']"
952,"['CiXDjEv0vN', 'hafuP76NWY', '-lhzFPNmw3', '0GUxcnNKTr', 'UKoQtfX4un']"
953,"['rMgYwgmWs9', '00Z8IjaDD3', 'yUyax0IZdV', '0GUxcnNKTr', 'UKoQtfX4un']"
954,"['G_IiU9GZQc', 'azMUK48QID', 'WHJg9afebE', '0GUxcnNKTr', 'UKoQtfX4un']"
955,"['4YLG29WuoD', 'rV7Pw3purQ', 'Wl9jQDY1wS', '0GUxcnNKTr', 'UKoQtfX4un']"
956,"['R746hjRC8R', 'JH2cy8MSbn', 'IA35bodmUU', '0GUxcnNKTr', 'UKoQtfX4un']"
957,"['A7y3--teGu', 'Drdwc2G0QW', 'zVFa1VsDLp', '0GUxcnNKTr', 'UKoQtfX4un']"
958,"['-lhzFPNmw3', 'A7y3--teGu', 'hafuP76NWY', '0GUxcnNKTr', 'UKoQtfX4un']"
959,"['S-eaVUdShM', '0GUxcnNKTr', 'J5k54tgIUo', 'UKoQtfX4un']"
960,"['WOuYvLGP7w', 'o_gtwodUHF', '_E-ZKGwRlt', '0GUxcnNKTr', 'UKoQtfX4un']"
961,"['JvHD1bTkT2', 'rV7Pw3purQ', 'rMgYwgmWs9', '0GUxcnNKTr', 'UKoQtfX4un']"
962,"['sF4-20cYQc', 'fBMVMwy2D-', 'a-IMJ6FywW', '0GUxcnNKTr', 'UKoQtfX4un']"
963,"['Wl9jQDY1wS', 'J7hVRECgEm', '0GUxcnNKTr', 'UKoQtfX4un']"
964,[]
965,"['IA35bodmUU', 'Drdwc2G0QW', '0GUxcnNKTr', 'UKoQtfX4un']"
966,"['fnT6pXzKP0', 'Wl9jQDY1wS', 'hafuP76NWY', '0GUxcnNKTr', 'UKoQtfX4un']"
967,"['o_gtwodUHF', '_E-ZKGwRlt', '_ihvY2cxEF', '0GUxcnNKTr', 'UKoQtfX4un']"
968,"['7ipw2-n6el', 'X8tcuAiPKf', 'WOuYvLGP7w', '0GUxcnNKTr', 'UKoQtfX4un']"
969,[]
970,"['JvHD1bTkT2', 'lrwvdH2JxR', 'xIsL3vy9jX', '0GUxcnNKTr', 'UKoQtfX4un']"
971,"['WOuYvLGP7w', 'J5k54tgIUo', 'azMUK48QID', '0GUxcnNKTr', 'UKoQtfX4un']"
972,"['WOuYvLGP7w', 'Drdwc2G0QW', 'xIsL3vy9jX', '0GUxcnNKTr', 'UKoQtfX4un']"
973,"['-lhzFPNmw3', 'fnT6pXzKP0', 'J7hVRECgEm', '0GUxcnNKTr', 'UKoQtfX4un']"
974,"['0GUxcnNKTr', 'kuN1yq6RR4', '-lhzFPNmw3', 'UKoQtfX4un']"
975,"['G_IiU9GZQc', '4YLG29WuoD', 'zYq3AMWqa3', '0GUxcnNKTr', 'UKoQtfX4un']"
976,"['R746hjRC8R', 'Drdwc2G0QW', '-lhzFPNmw3', '0GUxcnNKTr', 'UKoQtfX4un']"
977,[]
978,"['J7hVRECgEm', 'lrwvdH2JxR', 'sF4-20cYQc', '0GUxcnNKTr', 'UKoQtfX4un']"
979,"['7ipw2-n6el', 'Wl9jQDY1wS', '0GUxcnNKTr', 'UKoQtfX4un']"
980,"['QZHcgsdTrp', '0GUxcnNKTr', 'azMUK48QID', 'UKoQtfX4un']"
981,"['o_gtwodUHF', 'JvHD1bTkT2', 'lrwvdH2JxR', '0GUxcnNKTr', 'UKoQtfX4un']"
982,[]
983,"['CiXDjEv0vN', 'lrwvdH2JxR', 'fBMVMwy2D-', '0GUxcnNKTr', 'UKoQtfX4un']"
984,"['X8tcuAiPKf', 'lrwvdH2JxR', 'G_IiU9GZQc', '0GUxcnNKTr', 'UKoQtfX4un']"
985,[]
986,"['sF4-20cYQc', 'IA35bodmUU', 'A7y3--teGu', '0GUxcnNKTr', 'UKoQtfX4un']"
987,"['G_IiU9GZQc', 'zYq3AMWqa3', 'S-eaVUdShM', '0GUxcnNKTr', 'UKoQtfX4un']"
988,"['00Z8IjaDD3', 'WOuYvLGP7w', 'J5k54tgIUo', '0GUxcnNKTr', 'UKoQtfX4un']"
989,[]
990,[]
991,"['hafuP76NWY', 'JH2cy8MSbn', 'lrwvdH2JxR', '0GUxcnNKTr', 'UKoQtfX4un']"
992,[]
993,"['lrwvdH2JxR', 'kuN1yq6RR4', 'WHJg9afebE', '0GUxcnNKTr', 'UKoQtfX4un']"
994,[]
995,[]
996,[]
997,[]
998,['CiXDjEv0vN']
999,[]
1000,['sF4-20cYQc']
1001,['sF4-20cYQc']
1002,['_ihvY2cxEF']
1003,[]
1004,['X8tcuAiPKf']
1005,[]
